Date,Max_Temp,Rainfall,Dengue_Cases
2015-01-01,15.08,0.7,0
2015-01-02,14.04,0.84,0
2015-01-03,14.52,1.25,0
2015-01-04,12.81,1.12,0
2015-01-05,10.18,0.0,0
2015-01-06,10.49,0.0,0
2015-01-07,10.41,0.04,0
2015-01-08,9.73,0.35,0
2015-01-09,9.72,0.0,0
2015-01-10,9.38,0.0,0
2015-01-11,10.58,0.0,0
2015-01-12,11.11,0.0,0
2015-01-13,11.74,0.0,0
2015-01-14,12.57,0.0,0
2015-01-15,11.9,0.0,0
2015-01-16,11.51,0.0,0
2015-01-17,10.23,0.0,0
2015-01-18,9.66,0.0,0
2015-01-19,10.32,0.0,0
2015-01-20,10.01,0.0,0
2015-01-21,11.94,0.0,0
2015-01-22,12.82,0.0,0
2015-01-23,12.66,0.33,0
2015-01-24,12.03,0.0,0
2015-01-25,12.3,0.0,0
2015-01-26,12.76,0.0,0
2015-01-27,11.63,0.11,0
2015-01-28,12.35,0.02,0
2015-01-29,11.51,0.0,0
2015-01-30,9.18,0.0,0
2015-01-31,9.58,0.0,0
2015-02-01,10.0,0.0,0
2015-02-02,12.47,0.0,0
2015-02-03,14.06,0.08,0
2015-02-04,13.69,0.35,0
2015-02-05,12.86,0.0,0
2015-02-06,11.89,0.0,0
2015-02-07,12.72,0.0,0
2015-02-08,13.43,0.0,0
2015-02-09,13.29,0.0,0
2015-02-10,13.03,0.0,0
2015-02-11,13.01,0.0,0
2015-02-12,12.63,0.0,0
2015-02-13,12.7,0.0,0
2015-02-14,12.51,0.0,0
2015-02-15,13.15,0.0,0
2015-02-16,14.35,0.0,0
2015-02-17,14.34,0.02,0
2015-02-18,13.8,0.87,0
2015-02-19,14.16,4.01,0
2015-02-20,14.55,0.0,0
2015-02-21,15.51,0.01,0
2015-02-22,17.11,0.42,0
2015-02-23,17.48,0.0,0
2015-02-24,17.94,0.0,0
2015-02-25,17.68,0.0,0
2015-02-26,16.36,0.52,0
2015-02-27,17.08,0.24,0
2015-02-28,17.7,0.0,0
2015-03-01,15.29,7.87,0
2015-03-02,12.14,17.65,0
2015-03-03,13.59,1.05,0
2015-03-04,13.01,0.11,0
2015-03-05,12.87,0.0,0
2015-03-06,13.69,0.0,0
2015-03-07,14.62,0.0,0
2015-03-08,16.12,0.0,0
2015-03-09,16.98,0.0,0
2015-03-10,17.01,0.0,0
2015-03-11,17.12,0.0,0
2015-03-12,18.01,0.0,0
2015-03-13,18.76,0.0,0
2015-03-14,18.01,0.73,0
2015-03-15,18.76,0.16,0
2015-03-16,17.19,0.83,0
2015-03-17,17.82,0.0,0
2015-03-18,17.15,0.24,0
2015-03-19,16.71,0.01,0
2015-03-20,18.45,0.0,0
2015-03-21,18.86,0.0,0
2015-03-22,20.57,0.23,3
2015-03-23,20.68,9.13,4
2015-03-24,20.8,0.74,4
2015-03-25,21.63,0.48,10
2015-03-26,19.76,7.91,1
2015-03-27,18.6,5.84,0
2015-03-28,20.01,0.44,2
2015-03-29,20.99,0.1,3
2015-03-30,18.34,11.47,0
2015-03-31,17.52,0.31,0
2015-04-01,19.28,0.23,0
2015-04-02,19.74,2.43,1
2015-04-03,21.2,1.07,7
2015-04-04,20.79,2.1,5
2015-04-05,20.12,1.38,2
2015-04-06,19.84,0.01,1
2015-04-07,20.49,0.01,2
2015-04-08,20.84,0.0,3
2015-04-09,20.49,0.0,2
2015-04-10,21.64,0.0,6
2015-04-11,22.3,0.03,11
2015-04-12,21.03,0.52,4
2015-04-13,19.09,9.4,0
2015-04-14,19.35,0.01,0
2015-04-15,20.8,2.2,4
2015-04-16,21.25,2.38,5
2015-04-17,19.9,5.81,1
2015-04-18,18.88,8.8,0
2015-04-19,23.02,0.04,13
2015-04-20,22.85,0.32,19
2015-04-21,23.89,1.58,35
2015-04-22,24.01,5.2,32
2015-04-23,23.06,0.14,17
2015-04-24,22.25,1.86,16
2015-04-25,17.24,0.76,0
2015-04-26,18.7,1.44,0
2015-04-27,19.68,2.98,1
2015-04-28,19.6,8.16,1
2015-04-29,18.96,6.03,0
2015-04-30,19.94,2.37,1
2015-05-01,22.37,0.39,16
2015-05-02,23.18,1.51,25
2015-05-03,23.22,1.24,24
2015-05-04,23.48,0.07,19
2015-05-05,24.76,0.06,27
2015-05-06,25.02,1.5,54
2015-05-07,25.39,1.13,49
2015-05-08,25.1,0.0,37
2015-05-09,24.77,0.69,46
2015-05-10,25.39,2.44,65
2015-05-11,24.56,16.84,50
2015-05-12,22.93,7.1,25
2015-05-13,23.6,0.29,22
2015-05-14,24.74,0.07,26
2015-05-15,25.23,0.04,40
2015-05-16,25.03,0.96,55
2015-05-17,23.88,1.07,32
2015-05-18,24.52,0.87,40
2015-05-19,24.42,5.33,53
2015-05-20,25.7,2.06,51
2015-05-21,25.58,1.33,48
2015-05-22,27.32,0.91,84
2015-05-23,27.38,1.44,101
2015-05-24,27.25,1.6,100
2015-05-25,26.39,0.21,87
2015-05-26,26.38,3.56,71
2015-05-27,25.69,1.76,53
2015-05-28,25.57,0.05,44
2015-05-29,26.74,0.06,63
2015-05-30,26.55,2.26,92
2015-05-31,26.64,0.49,65
2015-06-01,27.83,0.75,112
2015-06-02,27.35,0.22,89
2015-06-03,27.26,0.16,77
2015-06-04,26.21,9.29,96
2015-06-05,27.19,0.57,83
2015-06-06,28.2,0.11,117
2015-06-07,28.56,0.06,97
2015-06-08,28.27,2.03,104
2015-06-09,28.62,3.52,128
2015-06-10,28.02,2.29,121
2015-06-11,25.99,3.15,69
2015-06-12,26.28,5.35,81
2015-06-13,26.01,3.26,77
2015-06-14,25.25,5.71,59
2015-06-15,25.62,1.13,67
2015-06-16,24.96,2.4,40
2015-06-17,24.54,2.86,45
2015-06-18,25.6,7.95,78
2015-06-19,24.68,18.6,50
2015-06-20,24.48,21.62,46
2015-06-21,24.25,7.2,36
2015-06-22,23.67,2.06,28
2015-06-23,24.4,7.68,40
2015-06-24,24.21,14.27,41
2015-06-25,25.47,8.29,70
2015-06-26,25.03,14.55,59
2015-06-27,23.02,12.37,24
2015-06-28,23.07,2.79,23
2015-06-29,23.47,0.04,15
2015-06-30,24.55,7.55,51
2015-07-01,23.84,31.68,33
2015-07-02,23.8,3.06,28
2015-07-03,24.81,12.25,48
2015-07-04,24.78,7.41,49
2015-07-05,24.79,16.47,61
2015-07-06,23.29,9.59,32
2015-07-07,23.31,3.59,19
2015-07-08,22.37,5.35,18
2015-07-09,23.55,7.84,35
2015-07-10,22.64,8.16,18
2015-07-11,22.84,1.71,21
2015-07-12,23.83,0.04,17
2015-07-13,23.65,0.11,23
2015-07-14,24.17,2.19,31
2015-07-15,23.92,21.1,41
2015-07-16,22.48,20.67,20
2015-07-17,22.93,0.5,23
2015-07-18,22.63,5.67,20
2015-07-19,23.7,6.05,38
2015-07-20,22.72,12.66,21
2015-07-21,22.61,5.37,17
2015-07-22,22.4,9.7,20
2015-07-23,21.74,7.61,9
2015-07-24,21.83,17.46,12
2015-07-25,22.49,7.09,18
2015-07-26,23.67,2.38,24
2015-07-27,22.85,1.42,15
2015-07-28,22.82,5.76,23
2015-07-29,23.03,10.41,28
2015-07-30,23.04,16.17,27
2015-07-31,23.03,5.29,26
2015-08-01,22.37,11.27,18
2015-08-02,22.52,5.75,18
2015-08-03,22.48,0.22,15
2015-08-04,22.23,1.22,15
2015-08-05,22.68,6.87,21
2015-08-06,23.55,11.99,32
2015-08-07,22.9,16.23,19
2015-08-08,22.61,3.91,18
2015-08-09,23.22,1.63,19
2015-08-10,24.14,11.91,46
2015-08-11,23.62,16.9,35
2015-08-12,22.88,10.67,22
2015-08-13,23.61,2.32,22
2015-08-14,22.7,2.1,20
2015-08-15,22.58,4.76,14
2015-08-16,22.96,8.3,21
2015-08-17,22.43,55.74,21
2015-08-18,22.67,15.28,19
2015-08-19,22.86,17.87,18
2015-08-20,22.41,45.12,20
2015-08-21,22.22,43.78,18
2015-08-22,22.28,4.43,15
2015-08-23,22.58,0.56,14
2015-08-24,22.87,0.93,20
2015-08-25,22.76,4.01,17
2015-08-26,22.21,18.91,13
2015-08-27,21.7,15.48,10
2015-08-28,22.63,17.78,18
2015-08-29,22.66,2.08,15
2015-08-30,22.4,8.38,15
2015-08-31,22.35,15.87,18
2015-09-01,21.92,1.35,12
2015-09-02,22.34,6.14,13
2015-09-03,22.14,17.86,15
2015-09-04,21.81,1.79,12
2015-09-05,22.29,1.5,15
2015-09-06,22.35,0.26,13
2015-09-07,22.16,2.53,15
2015-09-08,22.27,3.9,13
2015-09-09,22.58,0.09,14
2015-09-10,22.51,3.94,18
2015-09-11,21.72,18.6,10
2015-09-12,21.28,23.99,9
2015-09-13,21.93,1.85,9
2015-09-14,22.82,12.54,17
2015-09-15,21.28,7.75,8
2015-09-16,21.92,0.14,13
2015-09-17,22.21,0.29,12
2015-09-18,23.0,0.02,16
2015-09-19,23.03,0.71,24
2015-09-20,21.34,4.43,6
2015-09-21,21.52,8.18,8
2015-09-22,21.71,11.04,11
2015-09-23,21.66,13.04,10
2015-09-24,21.22,1.87,5
2015-09-25,20.01,0.31,2
2015-09-26,20.33,1.14,2
2015-09-27,20.55,0.45,3
2015-09-28,20.99,0.71,5
2015-09-29,21.46,0.17,8
2015-09-30,21.63,0.0,6
2015-10-01,21.77,0.01,6
2015-10-02,20.95,1.83,5
2015-10-03,20.96,0.13,6
2015-10-04,20.95,0.0,3
2015-10-05,20.77,0.0,3
2015-10-06,20.88,0.0,3
2015-10-07,21.35,0.0,4
2015-10-08,21.33,0.0,5
2015-10-09,20.33,0.06,1
2015-10-10,20.14,2.99,2
2015-10-11,18.53,15.85,0
2015-10-12,18.32,0.62,0
2015-10-13,19.31,4.27,0
2015-10-14,18.71,3.54,0
2015-10-15,19.16,2.4,0
2015-10-16,18.29,3.86,0
2015-10-17,18.55,0.15,0
2015-10-18,18.97,0.0,0
2015-10-19,19.36,0.0,0
2015-10-20,19.24,0.0,0
2015-10-21,18.81,0.0,0
2015-10-22,18.75,0.04,0
2015-10-23,17.88,0.13,0
2015-10-24,17.78,0.01,0
2015-10-25,17.72,0.0,0
2015-10-26,17.81,0.0,0
2015-10-27,17.28,0.0,0
2015-10-28,17.95,0.07,0
2015-10-29,17.47,5.23,0
2015-10-30,16.97,1.16,0
2015-10-31,17.4,0.2,0
2015-11-01,17.22,0.0,0
2015-11-02,17.05,0.02,0
2015-11-03,16.79,0.01,0
2015-11-04,16.01,0.01,0
2015-11-05,16.08,0.0,0
2015-11-06,16.0,0.0,0
2015-11-07,16.0,0.0,0
2015-11-08,16.21,0.0,0
2015-11-09,16.36,0.0,0
2015-11-10,16.21,0.0,0
2015-11-11,16.02,0.0,0
2015-11-12,16.54,0.0,0
2015-11-13,16.29,0.0,0
2015-11-14,16.38,0.0,0
2015-11-15,16.2,0.0,0
2015-11-16,15.6,0.0,0
2015-11-17,15.46,0.07,0
2015-11-18,15.25,0.11,0
2015-11-19,16.04,0.0,0
2015-11-20,17.09,0.0,0
2015-11-21,16.89,0.0,0
2015-11-22,17.06,0.0,0
2015-11-23,16.2,0.0,0
2015-11-24,15.7,0.0,0
2015-11-25,15.89,0.0,0
2015-11-26,15.64,0.0,0
2015-11-27,15.23,0.0,0
2015-11-28,14.7,0.0,0
2015-11-29,15.85,0.0,0
2015-11-30,15.96,0.0,0
2015-12-01,15.75,0.0,0
2015-12-02,15.53,0.0,0
2015-12-03,13.88,0.0,0
2015-12-04,13.4,0.0,0
2015-12-05,13.43,0.0,0
2015-12-06,13.46,0.0,0
2015-12-07,14.04,0.0,0
2015-12-08,13.72,0.0,0
2015-12-09,13.09,0.0,0
2015-12-10,13.47,0.0,0
2015-12-11,13.7,0.0,0
2015-12-12,13.55,0.0,0
2015-12-13,12.65,0.0,0
2015-12-14,10.54,0.0,0
2015-12-15,10.22,0.0,0
2015-12-16,10.77,0.0,0
2015-12-17,10.46,0.0,0
2015-12-18,9.46,0.01,0
2015-12-19,10.01,0.0,0
2015-12-20,10.03,0.0,0
2015-12-21,9.26,0.0,0
2015-12-22,9.71,0.0,0
2015-12-23,9.99,0.0,0
2015-12-24,10.27,0.0,0
2015-12-25,8.52,0.0,0
2015-12-26,10.01,0.0,0
2015-12-27,11.54,0.0,0
2015-12-28,12.77,0.0,0
2015-12-29,13.16,0.0,0
2015-12-30,13.1,0.0,0
2015-12-31,12.53,0.0,0
2016-01-01,12.31,0.0,0
2016-01-02,12.9,0.0,0
2016-01-03,12.27,0.0,0
2016-01-04,11.86,0.0,0
2016-01-05,12.61,0.0,0
2016-01-06,11.93,0.0,0
2016-01-07,12.48,0.0,0
2016-01-08,11.78,0.0,0
2016-01-09,11.27,0.0,0
2016-01-10,11.29,0.0,0
2016-01-11,11.19,0.0,0
2016-01-12,11.26,0.0,0
2016-01-13,11.01,0.0,0
2016-01-14,11.14,0.0,0
2016-01-15,11.0,0.0,0
2016-01-16,10.93,0.0,0
2016-01-17,11.43,0.0,0
2016-01-18,11.66,0.0,0
2016-01-19,10.46,0.11,0
2016-01-20,8.51,2.94,0
2016-01-21,8.79,0.9,0
2016-01-22,8.85,0.0,0
2016-01-23,9.18,0.0,0
2016-01-24,9.61,0.0,0
2016-01-25,9.64,0.0,0
2016-01-26,9.79,0.0,0
2016-01-27,9.75,0.0,0
2016-01-28,9.98,0.0,0
2016-01-29,11.08,0.0,0
2016-01-30,12.8,0.0,0
2016-01-31,13.15,0.0,0
2016-02-01,13.25,0.0,0
2016-02-02,12.99,0.0,0
2016-02-03,12.35,0.0,0
2016-02-04,12.66,0.0,0
2016-02-05,13.69,0.0,0
2016-02-06,15.01,0.0,0
2016-02-07,15.87,0.0,0
2016-02-08,12.12,4.39,0
2016-02-09,12.72,0.01,0
2016-02-10,13.09,0.0,0
2016-02-11,13.05,0.0,0
2016-02-12,12.13,0.0,0
2016-02-13,14.36,0.0,0
2016-02-14,15.57,0.0,0
2016-02-15,14.59,0.0,0
2016-02-16,15.32,0.0,0
2016-02-17,17.01,0.0,0
2016-02-18,18.7,0.0,0
2016-02-19,19.92,0.0,1
2016-02-20,20.14,0.0,1
2016-02-21,17.7,0.0,0
2016-02-22,16.94,0.0,0
2016-02-23,16.19,0.0,0
2016-02-24,14.76,0.0,0
2016-02-25,15.29,0.0,0
2016-02-26,15.5,0.0,0
2016-02-27,16.41,0.04,0
2016-02-28,16.49,0.58,0
2016-02-29,16.54,6.46,0
2016-03-01,16.16,1.41,0
2016-03-02,17.34,1.22,0
2016-03-03,17.52,0.09,0
2016-03-04,18.25,0.11,0
2016-03-05,18.53,0.44,0
2016-03-06,18.17,0.69,0
2016-03-07,18.73,0.0,0
2016-03-08,18.74,0.0,0
2016-03-09,19.15,0.0,0
2016-03-10,19.13,0.0,0
2016-03-11,20.4,0.0,2
2016-03-12,21.35,0.0,4
2016-03-13,17.45,0.11,0
2016-03-14,16.67,1.73,0
2016-03-15,17.22,0.23,0
2016-03-16,17.45,0.03,0
2016-03-17,18.78,0.0,0
2016-03-18,19.17,0.0,0
2016-03-19,19.97,0.0,1
2016-03-20,20.59,0.0,3
2016-03-21,20.54,0.14,3
2016-03-22,19.9,0.0,1
2016-03-23,20.4,0.0,1
2016-03-24,20.98,0.0,4
2016-03-25,22.29,0.0,8
2016-03-26,22.89,0.0,16
2016-03-27,22.85,0.0,15
2016-03-28,21.25,3.63,7
2016-03-29,21.18,0.68,6
2016-03-30,21.58,0.96,10
2016-03-31,20.34,3.62,3
2016-04-01,20.79,1.07,5
2016-04-02,20.65,0.0,2
2016-04-03,22.7,0.0,14
2016-04-04,22.78,0.02,11
2016-04-05,24.21,0.16,32
2016-04-06,25.05,0.0,41
2016-04-07,24.53,0.0,25
2016-04-08,23.65,0.0,18
2016-04-09,24.29,0.0,29
2016-04-10,25.19,0.0,42
2016-04-11,25.67,0.0,43
2016-04-12,24.28,0.0,25
2016-04-13,23.53,0.0,18
2016-04-14,24.19,0.12,32
2016-04-15,25.59,0.03,34
2016-04-16,25.68,0.27,64
2016-04-17,25.62,0.09,37
2016-04-18,24.74,0.54,38
2016-04-19,25.25,0.91,54
2016-04-20,26.9,0.05,53
2016-04-21,26.55,0.07,47
2016-04-22,26.6,0.01,48
2016-04-23,26.24,1.02,61
2016-04-24,24.42,0.04,23
2016-04-25,24.79,0.0,33
2016-04-26,25.8,0.0,39
2016-04-27,25.75,0.0,38
2016-04-28,26.49,0.06,52
2016-04-29,26.35,0.0,61
2016-04-30,26.31,0.1,56
2016-05-01,26.13,0.13,63
2016-05-02,25.3,0.0,34
2016-05-03,23.52,0.32,25
2016-05-04,21.92,2.58,9
2016-05-05,23.08,0.17,18
2016-05-06,23.18,0.34,20
2016-05-07,24.58,1.06,42
2016-05-08,23.64,0.6,22
2016-05-09,25.16,0.25,58
2016-05-10,26.26,5.14,96
2016-05-11,25.23,2.45,48
2016-05-12,23.5,4.76,21
2016-05-13,22.32,5.94,15
2016-05-14,24.15,1.9,28
2016-05-15,25.14,0.99,43
2016-05-16,25.6,3.41,68
2016-05-17,26.38,7.43,72
2016-05-18,26.08,3.66,78
2016-05-19,24.85,0.29,44
2016-05-20,22.99,9.74,27
2016-05-21,23.02,9.27,24
2016-05-22,25.3,0.08,30
2016-05-23,25.7,3.43,48
2016-05-24,25.1,2.81,52
2016-05-25,23.77,6.34,40
2016-05-26,23.39,6.57,32
2016-05-27,23.67,6.25,27
2016-05-28,23.14,5.66,27
2016-05-29,22.86,7.93,26
2016-05-30,23.13,0.48,17
2016-05-31,23.48,4.7,20
2016-06-01,23.77,0.96,34
2016-06-02,24.96,3.81,42
2016-06-03,25.67,0.26,67
2016-06-04,24.58,4.61,41
2016-06-05,24.52,6.72,38
2016-06-06,24.25,4.66,34
2016-06-07,24.82,3.82,51
2016-06-08,25.69,6.5,68
2016-06-09,25.39,10.9,66
2016-06-10,25.34,5.72,56
2016-06-11,26.32,3.53,83
2016-06-12,26.23,10.26,71
2016-06-13,25.57,2.58,52
2016-06-14,25.18,5.1,56
2016-06-15,24.67,21.21,57
2016-06-16,23.87,7.88,39
2016-06-17,23.61,1.69,22
2016-06-18,23.63,3.07,29
2016-06-19,23.37,5.72,34
2016-06-20,22.48,16.67,15
2016-06-21,22.47,22.66,18
2016-06-22,22.5,8.14,16
2016-06-23,23.15,3.44,22
2016-06-24,23.19,14.79,29
2016-06-25,23.36,2.3,21
2016-06-26,24.16,3.26,30
2016-06-27,24.55,5.21,41
2016-06-28,23.7,3.9,23
2016-06-29,24.15,18.0,43
2016-06-30,23.55,21.86,33
2016-07-01,22.12,25.57,13
2016-07-02,22.78,4.17,21
2016-07-03,22.67,7.71,19
2016-07-04,23.21,6.08,30
2016-07-05,23.47,2.13,22
2016-07-06,23.51,1.04,30
2016-07-07,24.1,1.68,27
2016-07-08,23.69,0.78,33
2016-07-09,23.93,2.08,28
2016-07-10,23.31,3.21,23
2016-07-11,22.75,3.19,15
2016-07-12,23.8,0.48,28
2016-07-13,23.77,2.16,34
2016-07-14,23.11,13.05,22
2016-07-15,23.07,25.31,24
2016-07-16,23.55,8.94,37
2016-07-17,22.47,6.7,16
2016-07-18,22.87,18.26,23
2016-07-19,23.13,10.03,26
2016-07-20,23.14,20.97,28
2016-07-21,22.64,20.78,17
2016-07-22,22.87,33.18,26
2016-07-23,21.89,13.35,14
2016-07-24,22.02,19.43,13
2016-07-25,21.48,26.94,8
2016-07-26,21.41,26.58,8
2016-07-27,21.53,2.89,9
2016-07-28,21.34,6.72,7
2016-07-29,22.11,0.19,13
2016-07-30,21.9,10.56,14
2016-07-31,22.68,11.01,23
2016-08-01,23.36,7.59,27
2016-08-02,22.96,2.97,20
2016-08-03,22.88,0.93,20
2016-08-04,23.35,1.72,27
2016-08-05,23.62,2.42,29
2016-08-06,23.32,4.41,19
2016-08-07,22.85,0.41,20
2016-08-08,23.26,1.39,24
2016-08-09,23.15,0.85,21
2016-08-10,22.61,4.5,14
2016-08-11,23.02,10.09,25
2016-08-12,23.02,1.91,18
2016-08-13,22.96,1.91,22
2016-08-14,23.38,1.84,20
2016-08-15,23.35,2.95,21
2016-08-16,23.44,7.99,25
2016-08-17,23.1,3.18,19
2016-08-18,22.5,0.14,14
2016-08-19,22.69,0.18,19
2016-08-20,23.17,3.73,26
2016-08-21,23.47,7.32,34
2016-08-22,22.85,6.6,23
2016-08-23,22.17,0.84,10
2016-08-24,21.81,3.0,12
2016-08-25,24.43,2.86,32
2016-08-26,23.63,9.07,28
2016-08-27,23.61,0.49,22
2016-08-28,23.58,2.1,25
2016-08-29,22.97,2.87,21
2016-08-30,22.89,3.08,19
2016-08-31,22.86,6.28,18
2016-09-01,22.83,9.33,25
2016-09-02,22.54,10.4,16
2016-09-03,21.98,16.03,11
2016-09-04,22.34,14.05,17
2016-09-05,22.28,6.58,15
2016-09-06,22.27,6.84,13
2016-09-07,21.83,10.4,14
2016-09-08,21.7,9.12,10
2016-09-09,22.5,4.75,14
2016-09-10,21.58,28.01,12
2016-09-11,21.26,23.34,9
2016-09-12,21.13,29.55,8
2016-09-13,20.95,2.86,6
2016-09-14,22.04,5.56,11
2016-09-15,22.08,1.3,12
2016-09-16,22.04,5.42,11
2016-09-17,21.71,15.88,13
2016-09-18,21.16,10.48,8
2016-09-19,21.42,3.14,9
2016-09-20,21.57,20.18,8
2016-09-21,20.47,15.34,4
2016-09-22,20.95,1.05,6
2016-09-23,20.8,2.11,4
2016-09-24,19.96,6.16,2
2016-09-25,19.58,12.25,1
2016-09-26,19.84,2.84,1
2016-09-27,21.13,8.0,7
2016-09-28,20.96,2.59,5
2016-09-29,21.59,5.05,12
2016-09-30,21.23,2.42,7
2016-10-01,21.21,4.48,5
2016-10-02,21.85,2.0,12
2016-10-03,21.9,2.75,10
2016-10-04,21.75,2.91,10
2016-10-05,21.6,2.03,7
2016-10-06,21.85,2.54,10
2016-10-07,21.79,4.35,9
2016-10-08,20.94,4.12,6
2016-10-09,20.39,8.21,3
2016-10-10,20.19,10.78,3
2016-10-11,18.97,1.32,0
2016-10-12,20.01,0.07,1
2016-10-13,19.83,0.06,1
2016-10-14,19.42,2.05,0
2016-10-15,19.1,0.0,0
2016-10-16,19.27,0.0,0
2016-10-17,19.72,1.6,1
2016-10-18,19.43,4.97,0
2016-10-19,18.8,0.18,0
2016-10-20,18.62,0.0,0
2016-10-21,18.84,0.0,0
2016-10-22,18.65,0.0,0
2016-10-23,17.95,0.0,0
2016-10-24,17.95,0.0,0
2016-10-25,18.66,0.0,0
2016-10-26,17.76,0.0,0
2016-10-27,18.14,0.0,0
2016-10-28,17.71,0.0,0
2016-10-29,17.3,0.0,0
2016-10-30,17.01,0.0,0
2016-10-31,17.73,0.0,0
2016-11-01,18.12,0.0,0
2016-11-02,18.4,0.0,0
2016-11-03,17.89,0.0,0
2016-11-04,17.22,0.0,0
2016-11-05,16.87,0.0,0
2016-11-06,16.73,0.0,0
2016-11-07,15.7,0.0,0
2016-11-08,15.65,0.0,0
2016-11-09,16.1,0.0,0
2016-11-10,16.32,0.0,0
2016-11-11,16.97,0.0,0
2016-11-12,16.66,0.0,0
2016-11-13,16.01,0.0,0
2016-11-14,15.41,0.0,0
2016-11-15,15.61,0.0,0
2016-11-16,15.69,0.0,0
2016-11-17,15.49,0.0,0
2016-11-18,15.37,0.0,0
2016-11-19,15.52,0.0,0
2016-11-20,15.45,0.0,0
2016-11-21,15.2,0.0,0
2016-11-22,14.67,0.0,0
2016-11-23,14.84,0.0,0
2016-11-24,15.07,0.0,0
2016-11-25,14.37,0.0,0
2016-11-26,14.58,0.0,0
2016-11-27,14.86,0.0,0
2016-11-28,14.4,0.0,0
2016-11-29,14.88,0.0,0
2016-11-30,15.31,0.0,0
2016-12-01,15.35,0.0,0
2016-12-02,14.87,0.0,0
2016-12-03,13.66,0.0,0
2016-12-04,14.21,0.0,0
2016-12-05,15.36,0.0,0
2016-12-06,15.82,0.0,0
2016-12-07,15.86,0.0,0
2016-12-08,15.35,0.0,0
2016-12-09,14.3,0.0,0
2016-12-10,14.1,0.0,0
2016-12-11,13.97,0.0,0
2016-12-12,12.97,0.0,0
2016-12-13,13.19,0.0,0
2016-12-14,13.2,0.0,0
2016-12-15,12.48,0.0,0
2016-12-16,13.48,0.0,0
2016-12-17,14.52,0.0,0
2016-12-18,14.11,0.0,0
2016-12-19,13.12,0.0,0
2016-12-20,12.39,0.0,0
2016-12-21,12.76,0.0,0
2016-12-22,13.74,0.0,0
2016-12-23,14.13,0.0,0
2016-12-24,14.38,0.0,0
2016-12-25,13.53,0.0,0
2016-12-26,11.27,0.0,0
2016-12-27,12.23,0.0,0
2016-12-28,12.55,0.0,0
2016-12-29,12.4,0.0,0
2016-12-30,13.27,0.0,0
2016-12-31,12.12,0.0,0
2017-01-01,12.81,0.02,0
2017-01-02,11.66,0.98,0
2017-01-03,11.99,0.01,0
2017-01-04,11.97,0.0,0
2017-01-05,11.27,0.01,0
2017-01-06,11.28,0.0,0
2017-01-07,11.45,0.0,0
2017-01-08,11.02,0.0,0
2017-01-09,11.15,0.0,0
2017-01-10,10.05,0.0,0
2017-01-11,9.62,0.0,0
2017-01-12,8.52,0.0,0
2017-01-13,8.46,0.0,0
2017-01-14,9.2,0.0,0
2017-01-15,11.65,0.0,0
2017-01-16,11.77,0.0,0
2017-01-17,12.23,0.0,0
2017-01-18,12.7,0.0,0
2017-01-19,13.18,0.0,0
2017-01-20,13.51,0.0,0
2017-01-21,14.57,0.0,0
2017-01-22,14.45,0.0,0
2017-01-23,14.16,0.0,0
2017-01-24,14.57,0.0,0
2017-01-25,15.93,0.0,0
2017-01-26,16.31,0.0,0
2017-01-27,14.73,7.06,0
2017-01-28,11.55,0.98,0
2017-01-29,12.76,0.44,0
2017-01-30,12.86,0.0,0
2017-01-31,13.0,0.0,0
2017-02-01,12.59,0.0,0
2017-02-02,12.6,0.0,0
2017-02-03,13.62,0.01,0
2017-02-04,14.86,0.0,0
2017-02-05,16.92,0.0,0
2017-02-06,15.82,0.0,0
2017-02-07,14.88,0.0,0
2017-02-08,15.84,0.0,0
2017-02-09,15.73,0.0,0
2017-02-10,13.96,0.0,0
2017-02-11,14.68,0.0,0
2017-02-12,13.9,0.0,0
2017-02-13,14.39,0.0,0
2017-02-14,14.87,0.0,0
2017-02-15,14.98,0.0,0
2017-02-16,15.78,0.0,0
2017-02-17,15.69,0.0,0
2017-02-18,17.11,0.0,0
2017-02-19,16.88,0.0,0
2017-02-20,16.73,0.0,0
2017-02-21,17.79,0.0,0
2017-02-22,16.44,0.0,0
2017-02-23,15.38,0.0,0
2017-02-24,15.29,0.0,0
2017-02-25,15.03,0.0,0
2017-02-26,14.89,0.0,0
2017-02-27,15.69,0.0,0
2017-02-28,16.58,0.0,0
2017-03-01,17.2,0.0,0
2017-03-02,17.82,0.39,0
2017-03-03,17.26,0.01,0
2017-03-04,17.53,0.0,0
2017-03-05,16.48,0.0,0
2017-03-06,16.08,0.0,0
2017-03-07,16.55,0.0,0
2017-03-08,16.42,0.02,0
2017-03-09,14.97,0.08,0
2017-03-10,13.91,8.23,0
2017-03-11,12.55,15.87,0
2017-03-12,11.45,1.84,0
2017-03-13,13.9,0.0,0
2017-03-14,14.18,0.0,0
2017-03-15,15.09,0.0,0
2017-03-16,15.98,0.02,0
2017-03-17,15.46,1.95,0
2017-03-18,15.62,1.89,0
2017-03-19,14.37,0.04,0
2017-03-20,14.12,5.46,0
2017-03-21,15.88,0.03,0
2017-03-22,18.03,0.0,0
2017-03-23,19.04,0.05,0
2017-03-24,19.77,0.52,1
2017-03-25,20.94,5.97,6
2017-03-26,19.32,0.74,0
2017-03-27,20.82,0.01,3
2017-03-28,21.62,0.35,9
2017-03-29,21.66,2.94,9
2017-03-30,23.26,0.56,23
2017-03-31,23.0,0.11,20
2017-04-01,22.7,0.66,17
2017-04-02,22.62,4.05,17
2017-04-03,21.53,1.8,7
2017-04-04,21.67,0.29,11
2017-04-05,21.31,1.66,6
2017-04-06,22.29,0.21,14
2017-04-07,23.51,0.21,23
2017-04-08,23.45,2.29,22
2017-04-09,22.06,0.01,7
2017-04-10,20.91,0.0,4
2017-04-11,21.76,0.0,7
2017-04-12,21.82,0.0,6
2017-04-13,21.94,0.0,9
2017-04-14,22.87,0.11,22
2017-04-15,21.35,4.84,8
2017-04-16,21.78,0.0,7
2017-04-17,22.36,0.0,9
2017-04-18,23.86,0.04,25
2017-04-19,23.09,2.95,17
2017-04-20,22.03,4.67,11
2017-04-21,22.96,3.61,20
2017-04-22,23.13,6.31,30
2017-04-23,22.36,7.77,15
2017-04-24,23.08,0.05,15
2017-04-25,23.98,0.01,26
2017-04-26,24.38,0.0,28
2017-04-27,24.11,0.0,29
2017-04-28,23.85,0.27,25
2017-04-29,23.69,3.98,25
2017-04-30,23.59,1.96,26
2017-05-01,21.62,11.36,11
2017-05-02,21.54,0.03,7
2017-05-03,22.74,0.67,17
2017-05-04,23.4,3.67,23
2017-05-05,24.39,1.32,37
2017-05-06,24.36,1.73,40
2017-05-07,25.16,0.04,29
2017-05-08,24.37,6.12,36
2017-05-09,22.89,9.5,18
2017-05-10,22.06,0.63,14
2017-05-11,22.92,1.72,19
2017-05-12,24.1,10.52,42
2017-05-13,24.23,0.11,29
2017-05-14,25.09,1.12,58
2017-05-15,23.69,18.54,38
2017-05-16,24.15,1.39,31
2017-05-17,24.45,3.04,35
2017-05-18,24.96,0.24,38
2017-05-19,25.33,1.72,45
2017-05-20,26.07,0.22,57
2017-05-21,26.36,2.76,85
2017-05-22,26.61,0.42,83
2017-05-23,27.0,0.52,96
2017-05-24,26.88,0.92,95
2017-05-25,26.43,1.27,77
2017-05-26,24.56,19.32,38
2017-05-27,22.26,7.0,15
2017-05-28,22.17,6.68,17
2017-05-29,24.49,1.08,42
2017-05-30,24.09,4.76,30
2017-05-31,24.9,0.15,46
2017-06-01,25.48,1.26,53
2017-06-02,26.51,2.74,74
2017-06-03,27.0,0.14,85
2017-06-04,28.23,0.23,109
2017-06-05,26.91,21.29,86
2017-06-06,23.64,1.66,23
2017-06-07,23.55,3.41,27
2017-06-08,25.17,1.44,50
2017-06-09,25.85,0.12,57
2017-06-10,26.17,0.0,55
2017-06-11,26.73,2.41,92
2017-06-12,26.32,4.08,71
2017-06-13,26.59,0.86,74
2017-06-14,27.31,1.41,97
2017-06-15,25.38,8.11,67
2017-06-16,23.81,1.27,35
2017-06-17,24.66,0.36,41
2017-06-18,26.58,0.73,91
2017-06-19,26.96,1.75,92
2017-06-20,25.49,13.89,64
2017-06-21,24.39,14.33,37
2017-06-22,25.35,0.9,61
2017-06-23,25.49,0.57,64
2017-06-24,24.78,3.88,41
2017-06-25,23.96,14.33,41
2017-06-26,24.19,9.09,40
2017-06-27,24.45,3.52,39
2017-06-28,24.67,0.73,43
2017-06-29,24.35,3.02,36
2017-06-30,23.75,3.71,25
2017-07-01,22.96,8.68,26
2017-07-02,23.27,7.8,24
2017-07-03,23.51,15.62,26
2017-07-04,23.25,19.0,30
2017-07-05,22.75,8.03,18
2017-07-06,22.67,3.83,19
2017-07-07,23.48,1.14,25
2017-07-08,23.68,15.06,37
2017-07-09,22.8,19.73,25
2017-07-10,22.41,9.47,14
2017-07-11,21.79,6.44,13
2017-07-12,22.24,1.38,10
2017-07-13,23.34,0.23,22
2017-07-14,23.23,3.73,20
2017-07-15,24.14,4.12,33
2017-07-16,24.24,10.43,42
2017-07-17,24.72,5.83,59
2017-07-18,25.42,2.46,51
2017-07-19,24.3,5.99,41
2017-07-20,23.66,4.31,32
2017-07-21,23.12,3.9,25
2017-07-22,23.31,3.53,19
2017-07-23,23.36,8.57,33
2017-07-24,22.8,8.57,20
2017-07-25,23.16,2.58,19
2017-07-26,22.28,1.66,14
2017-07-27,23.28,0.36,20
2017-07-28,22.9,2.43,20
2017-07-29,22.38,24.74,14
2017-07-30,22.48,14.02,20
2017-07-31,23.0,5.88,25
2017-08-01,22.87,9.93,23
2017-08-02,23.38,15.93,33
2017-08-03,23.09,32.46,29
2017-08-04,22.79,8.32,17
2017-08-05,23.94,6.93,41
2017-08-06,23.82,5.61,36
2017-08-07,23.1,9.95,28
2017-08-08,23.28,4.05,24
2017-08-09,22.66,7.96,19
2017-08-10,22.15,20.82,17
2017-08-11,22.35,25.08,17
2017-08-12,22.37,9.89,18
2017-08-13,21.92,34.56,14
2017-08-14,22.2,2.73,11
2017-08-15,22.24,1.01,15
2017-08-16,22.19,5.73,18
2017-08-17,22.87,8.2,20
2017-08-18,22.75,4.12,17
2017-08-19,22.3,3.88,11
2017-08-20,22.43,17.2,16
2017-08-21,21.65,7.67,12
2017-08-22,22.44,13.34,16
2017-08-23,23.24,10.96,27
2017-08-24,23.21,4.85,19
2017-08-25,23.05,3.15,21
2017-08-26,23.07,29.95,24
2017-08-27,22.04,5.27,14
2017-08-28,22.96,0.37,21
2017-08-29,21.91,0.12,12
2017-08-30,22.06,4.68,12
2017-08-31,22.54,17.91,19
2017-09-01,21.55,10.93,8
2017-09-02,21.37,6.35,9
2017-09-03,21.77,9.34,14
2017-09-04,21.98,1.92,13
2017-09-05,22.01,0.03,9
2017-09-06,22.57,1.62,15
2017-09-07,22.7,2.02,15
2017-09-08,22.38,2.13,11
2017-09-09,22.58,0.68,15
2017-09-10,22.3,1.87,12
2017-09-11,22.33,3.62,12
2017-09-12,21.79,6.1,13
2017-09-13,21.22,2.21,7
2017-09-14,22.28,2.66,15
2017-09-15,22.04,7.16,16
2017-09-16,22.95,1.48,16
2017-09-17,23.9,8.44,43
2017-09-18,21.91,7.71,12
2017-09-19,22.0,2.04,12
2017-09-20,21.27,7.45,8
2017-09-21,20.95,7.75,6
2017-09-22,21.45,0.25,6
2017-09-23,22.39,1.13,16
2017-09-24,22.39,2.37,13
2017-09-25,22.38,0.03,11
2017-09-26,22.34,0.02,11
2017-09-27,22.28,0.52,15
2017-09-28,22.07,6.29,16
2017-09-29,20.81,12.05,5
2017-09-30,21.0,3.24,5
2017-10-01,20.97,6.3,7
2017-10-02,21.03,9.03,6
2017-10-03,20.79,3.87,4
2017-10-04,21.18,3.14,6
2017-10-05,22.22,0.41,11
2017-10-06,22.75,3.62,16
2017-10-07,22.45,2.0,16
2017-10-08,22.32,1.94,16
2017-10-09,21.8,3.82,9
2017-10-10,21.07,2.11,6
2017-10-11,21.85,1.49,11
2017-10-12,22.05,0.06,7
2017-10-13,21.79,0.16,10
2017-10-14,21.23,0.01,5
2017-10-15,20.98,0.0,4
2017-10-16,20.0,0.0,1
2017-10-17,20.53,0.0,2
2017-10-18,21.08,0.0,3
2017-10-19,21.18,0.01,4
2017-10-20,20.7,0.03,3
2017-10-21,19.67,0.09,0
2017-10-22,19.04,0.19,0
2017-10-23,19.3,0.09,0
2017-10-24,18.28,0.0,0
2017-10-25,17.11,0.0,0
2017-10-26,17.08,0.0,0
2017-10-27,17.7,0.07,0
2017-10-28,16.67,5.01,0
2017-10-29,16.34,6.1,0
2017-10-30,16.63,1.84,0
2017-10-31,15.46,0.07,0
2017-11-01,15.69,0.0,0
2017-11-02,16.91,0.0,0
2017-11-03,17.71,0.0,0
2017-11-04,18.16,0.0,0
2017-11-05,17.97,0.0,0
2017-11-06,17.66,0.0,0
2017-11-07,17.63,0.0,0
2017-11-08,17.53,0.0,0
2017-11-09,16.95,0.0,0
2017-11-10,16.86,0.0,0
2017-11-11,17.46,0.0,0
2017-11-12,17.25,0.0,0
2017-11-13,17.13,0.0,0
2017-11-14,17.51,0.0,0
2017-11-15,16.79,0.0,0
2017-11-16,16.99,0.0,0
2017-11-17,17.62,0.0,0
2017-11-18,17.38,0.0,0
2017-11-19,16.79,0.0,0
2017-11-20,15.61,0.0,0
2017-11-21,15.23,0.0,0
2017-11-22,14.59,0.0,0
2017-11-23,14.04,0.0,0
2017-11-24,13.91,0.0,0
2017-11-25,13.86,0.0,0
2017-11-26,14.91,0.0,0
2017-11-27,13.94,0.01,0
2017-11-28,13.32,0.01,0
2017-11-29,12.75,0.0,0
2017-11-30,13.28,0.0,0
2017-12-01,14.27,0.0,0
2017-12-02,14.46,0.0,0
2017-12-03,13.85,0.0,0
2017-12-04,13.78,0.0,0
2017-12-05,14.71,0.0,0
2017-12-06,15.06,0.01,0
2017-12-07,15.69,0.0,0
2017-12-08,15.69,0.0,0
2017-12-09,15.98,0.0,0
2017-12-10,16.15,0.0,0
2017-12-11,16.31,0.0,0
2017-12-12,15.18,0.0,0
2017-12-13,14.74,0.0,0
2017-12-14,14.45,0.0,0
2017-12-15,14.29,0.0,0
2017-12-16,14.18,0.0,0
2017-12-17,13.61,0.0,0
2017-12-18,12.82,0.0,0
2017-12-19,13.01,0.0,0
2017-12-20,14.37,0.0,0
2017-12-21,14.26,0.0,0
2017-12-22,13.88,0.0,0
2017-12-23,13.66,0.0,0
2017-12-24,13.32,0.0,0
2017-12-25,13.27,0.0,0
2017-12-26,12.83,0.0,0
2017-12-27,13.53,0.0,0
2017-12-28,14.19,0.0,0
2017-12-29,14.13,0.0,0
2017-12-30,14.23,0.0,0
2017-12-31,13.17,0.0,0
2018-01-01,12.29,0.0,0
2018-01-02,10.91,0.0,0
2018-01-03,10.22,0.0,0
2018-01-04,10.54,0.0,0
2018-01-05,9.76,0.0,0
2018-01-06,8.71,0.0,0
2018-01-07,8.35,0.0,0
2018-01-08,8.45,0.0,0
2018-01-09,9.34,0.0,0
2018-01-10,9.64,0.0,0
2018-01-11,9.71,0.0,0
2018-01-12,10.51,0.0,0
2018-01-13,11.1,0.0,0
2018-01-14,9.61,0.0,0
2018-01-15,10.8,0.0,0
2018-01-16,11.02,0.0,0
2018-01-17,12.69,0.0,0
2018-01-18,12.03,0.0,0
2018-01-19,11.68,0.0,0
2018-01-20,11.93,0.0,0
2018-01-21,11.24,0.0,0
2018-01-22,13.18,0.0,0
2018-01-23,13.33,0.0,0
2018-01-24,9.91,1.86,0
2018-01-25,10.89,0.0,0
2018-01-26,10.35,0.0,0
2018-01-27,9.3,0.0,0
2018-01-28,9.25,0.0,0
2018-01-29,9.48,0.0,0
2018-01-30,11.12,0.0,0
2018-01-31,12.18,0.0,0
2018-02-01,12.28,0.0,0
2018-02-02,13.6,0.0,0
2018-02-03,12.86,0.0,0
2018-02-04,13.58,0.0,0
2018-02-05,14.58,0.0,0
2018-02-06,15.48,0.0,0
2018-02-07,15.81,0.0,0
2018-02-08,14.77,0.0,0
2018-02-09,14.1,0.0,0
2018-02-10,13.6,0.0,0
2018-02-11,14.05,0.0,0
2018-02-12,13.77,0.03,0
2018-02-13,12.7,0.5,0
2018-02-14,13.28,0.08,0
2018-02-15,14.18,0.0,0
2018-02-16,14.8,0.01,0
2018-02-17,14.43,0.0,0
2018-02-18,13.92,0.0,0
2018-02-19,15.02,0.0,0
2018-02-20,15.65,0.03,0
2018-02-21,15.27,0.07,0
2018-02-22,15.28,0.15,0
2018-02-23,15.79,0.09,0
2018-02-24,16.49,0.02,0
2018-02-25,16.12,0.0,0
2018-02-26,16.79,0.0,0
2018-02-27,16.53,0.0,0
2018-02-28,17.07,0.0,0
2018-03-01,17.44,0.0,0
2018-03-02,18.18,0.31,0
2018-03-03,18.13,0.64,0
2018-03-04,19.14,0.01,0
2018-03-05,16.8,0.0,0
2018-03-06,16.37,0.0,0
2018-03-07,17.86,0.0,0
2018-03-08,18.23,0.07,0
2018-03-09,17.39,0.49,0
2018-03-10,17.38,0.07,0
2018-03-11,17.05,5.46,0
2018-03-12,16.8,0.58,0
2018-03-13,18.18,0.14,0
2018-03-14,18.95,0.0,0
2018-03-15,18.19,0.37,0
2018-03-16,18.25,1.13,0
2018-03-17,17.5,0.04,0
2018-03-18,18.06,0.01,0
2018-03-19,19.38,0.0,0
2018-03-20,20.36,0.0,2
2018-03-21,20.28,0.0,1
2018-03-22,20.46,0.03,3
2018-03-23,20.16,0.04,1
2018-03-24,20.34,0.0,2
2018-03-25,20.53,0.01,2
2018-03-26,20.17,0.21,2
2018-03-27,21.3,0.0,5
2018-03-28,19.88,0.0,1
2018-03-29,20.3,0.8,2
2018-03-30,19.83,1.03,1
2018-03-31,19.18,0.43,0
2018-04-01,19.24,0.02,0
2018-04-02,20.95,0.37,4
2018-04-03,21.65,0.16,9
2018-04-04,21.87,1.42,10
2018-04-05,20.47,2.57,3
2018-04-06,20.08,1.5,2
2018-04-07,20.23,7.22,3
2018-04-08,20.11,4.54,2
2018-04-09,19.55,2.85,1
2018-04-10,19.83,3.08,1
2018-04-11,19.42,2.92,0
2018-04-12,19.4,0.69,1
2018-04-13,20.77,0.22,5
2018-04-14,22.22,0.0,10
2018-04-15,22.26,0.16,15
2018-04-16,22.43,1.98,16
2018-04-17,22.13,8.85,17
2018-04-18,21.27,4.14,6
2018-04-19,22.27,5.01,18
2018-04-20,22.46,0.84,14
2018-04-21,23.78,0.09,20
2018-04-22,23.4,0.0,14
2018-04-23,23.53,0.0,17
2018-04-24,22.61,0.0,9
2018-04-25,22.49,0.01,11
2018-04-26,21.42,2.18,7
2018-04-27,21.47,1.35,9
2018-04-28,19.12,9.79,0
2018-04-29,20.56,8.54,3
2018-04-30,19.84,10.47,2
2018-05-01,19.99,2.46,2
2018-05-02,20.52,2.86,4
2018-05-03,19.93,6.53,2
2018-05-04,19.75,2.92,1
2018-05-05,21.26,0.27,7
2018-05-06,23.44,0.83,21
2018-05-07,25.06,2.29,41
2018-05-08,25.35,0.02,45
2018-05-09,24.65,0.04,26
2018-05-10,23.27,0.16,21
2018-05-11,23.56,0.04,20
2018-05-12,23.22,0.17,20
2018-05-13,22.09,6.07,16
2018-05-14,20.93,12.51,7
2018-05-15,20.49,0.26,3
2018-05-16,21.54,2.69,7
2018-05-17,21.61,7.41,10
2018-05-18,22.85,2.12,20
2018-05-19,22.07,8.95,16
2018-05-20,23.14,0.49,20
2018-05-21,23.67,5.11,29
2018-05-22,24.17,1.9,32
2018-05-23,24.7,2.87,45
2018-05-24,24.64,4.0,44
2018-05-25,25.83,0.54,69
2018-05-26,25.2,1.84,50
2018-05-27,25.48,0.92,49
2018-05-28,24.69,1.63,35
2018-05-29,23.86,1.97,35
2018-05-30,22.44,25.83,20
2018-05-31,23.38,11.36,23
2018-06-01,22.42,9.15,18
2018-06-02,23.44,0.45,23
2018-06-03,22.57,4.0,15
2018-06-04,23.08,11.16,26
2018-06-05,24.05,6.2,42
2018-06-06,25.61,2.05,57
2018-06-07,24.17,25.51,45
2018-06-08,23.1,11.16,25
2018-06-09,24.52,0.34,46
2018-06-10,25.75,1.3,62
2018-06-11,25.77,3.33,51
2018-06-12,25.46,8.61,75
2018-06-13,25.19,0.76,46
2018-06-14,24.26,6.48,45
2018-06-15,23.66,3.48,31
2018-06-16,23.16,5.09,21
2018-06-17,24.3,7.75,46
2018-06-18,25.28,0.42,61
2018-06-19,25.83,0.44,73
2018-06-20,25.5,0.55,65
2018-06-21,25.13,1.05,49
2018-06-22,25.07,2.22,46
2018-06-23,24.96,5.9,55
2018-06-24,24.98,2.51,45
2018-06-25,25.09,6.8,64
2018-06-26,23.41,6.64,29
2018-06-27,24.23,1.77,30
2018-06-28,24.51,0.34,45
2018-06-29,22.82,1.58,15
2018-06-30,23.58,11.02,28
2018-07-01,23.75,16.63,32
2018-07-02,22.77,17.08,23
2018-07-03,22.97,3.0,19
2018-07-04,23.81,1.41,35
2018-07-05,24.05,0.17,34
2018-07-06,24.61,0.94,41
2018-07-07,24.5,1.88,39
2018-07-08,24.41,3.0,33
2018-07-09,23.98,8.9,40
2018-07-10,23.54,15.46,35
2018-07-11,23.87,7.68,37
2018-07-12,23.4,0.73,27
2018-07-13,24.35,2.79,39
2018-07-14,24.64,5.11,42
2018-07-15,24.31,8.56,42
2018-07-16,25.58,0.61,67
2018-07-17,24.8,1.29,50
2018-07-18,23.7,2.44,25
2018-07-19,25.78,2.65,59
2018-07-20,25.6,6.09,76
2018-07-21,23.9,8.84,41
2018-07-22,24.96,9.12,56
2018-07-23,23.34,11.15,27
2018-07-24,23.14,8.47,25
2018-07-25,22.99,7.58,28
2018-07-26,22.83,22.21,25
2018-07-27,22.48,28.18,21
2018-07-28,22.55,18.48,16
2018-07-29,22.52,11.16,20
2018-07-30,22.26,6.53,18
2018-07-31,22.09,6.54,17
2018-08-01,21.76,4.77,9
2018-08-02,21.93,2.11,9
2018-08-03,22.67,5.12,19
2018-08-04,21.94,14.23,15
2018-08-05,22.26,43.32,13
2018-08-06,23.21,12.82,25
2018-08-07,23.63,2.69,23
2018-08-08,22.84,0.71,15
2018-08-09,22.95,4.23,17
2018-08-10,23.04,11.04,19
2018-08-11,23.2,18.89,22
2018-08-12,22.86,6.14,24
2018-08-13,22.29,34.65,16
2018-08-14,23.17,10.31,24
2018-08-15,23.66,19.74,26
2018-08-16,23.39,0.23,23
2018-08-17,23.95,0.03,26
2018-08-18,23.14,0.66,22
2018-08-19,24.19,2.06,41
2018-08-20,23.7,12.48,30
2018-08-21,23.07,15.76,29
2018-08-22,22.17,8.77,12
2018-08-23,22.45,1.8,16
2018-08-24,22.28,3.89,11
2018-08-25,21.93,6.8,14
2018-08-26,22.32,2.74,14
2018-08-27,22.86,2.33,19
2018-08-28,21.81,3.03,11
2018-08-29,22.79,2.16,15
2018-08-30,21.55,5.88,8
2018-08-31,22.97,0.69,17
2018-09-01,23.07,5.49,29
2018-09-02,21.86,12.13,10
2018-09-03,22.11,5.25,17
2018-09-04,22.42,1.51,16
2018-09-05,22.64,5.01,23
2018-09-06,22.92,1.71,22
2018-09-07,22.81,0.33,18
2018-09-08,22.49,2.0,18
2018-09-09,22.44,5.89,21
2018-09-10,21.53,3.88,7
2018-09-11,21.21,2.22,5
2018-09-12,21.42,7.37,9
2018-09-13,21.54,3.5,9
2018-09-14,21.49,4.26,7
2018-09-15,21.55,0.06,7
2018-09-16,21.77,0.0,6
2018-09-17,21.68,0.0,7
2018-09-18,22.13,0.0,7
2018-09-19,22.81,0.12,17
2018-09-20,22.53,4.27,14
2018-09-21,21.02,1.2,6
2018-09-22,20.6,0.0,3
2018-09-23,21.37,0.0,6
2018-09-24,21.39,0.02,6
2018-09-25,21.26,0.01,5
2018-09-26,21.32,0.0,4
2018-09-27,21.36,0.0,5
2018-09-28,21.42,0.0,5
2018-09-29,21.35,0.0,4
2018-09-30,21.05,0.02,4
2018-10-01,21.1,0.03,4
2018-10-02,20.66,0.0,2
2018-10-03,20.33,0.69,3
2018-10-04,19.73,3.1,1
2018-10-05,19.16,1.05,0
2018-10-06,19.07,0.01,0
2018-10-07,18.74,0.0,0
2018-10-08,18.53,0.0,0
2018-10-09,19.05,0.0,0
2018-10-10,18.5,0.65,0
2018-10-11,19.06,1.7,0
2018-10-12,18.34,0.23,0
2018-10-13,18.05,0.01,0
2018-10-14,18.41,0.0,0
2018-10-15,18.29,0.0,0
2018-10-16,17.81,0.0,0
2018-10-17,17.69,0.0,0
2018-10-18,18.16,0.0,0
2018-10-19,18.25,0.15,0
2018-10-20,18.24,0.08,0
2018-10-21,18.22,0.0,0
2018-10-22,17.86,0.0,0
2018-10-23,17.58,0.0,0
2018-10-24,16.66,0.0,0
2018-10-25,16.11,0.0,0
2018-10-26,16.25,0.0,0
2018-10-27,17.24,0.0,0
2018-10-28,17.66,0.05,0
2018-10-29,17.46,0.0,0
2018-10-30,18.19,0.0,0
2018-10-31,19.17,0.0,0
2018-11-01,18.88,0.0,0
2018-11-02,17.96,0.0,0
2018-11-03,17.07,0.0,0
2018-11-04,16.91,0.0,0
2018-11-05,17.08,0.0,0
2018-11-06,16.04,0.0,0
2018-11-07,15.55,0.0,0
2018-11-08,15.8,0.0,0
2018-11-09,15.96,0.0,0
2018-11-10,15.93,0.0,0
2018-11-11,16.04,0.0,0
2018-11-12,16.28,0.0,0
2018-11-13,15.88,0.04,0
2018-11-14,16.1,0.01,0
2018-11-15,16.14,0.0,0
2018-11-16,15.22,0.0,0
2018-11-17,14.78,0.0,0
2018-11-18,14.1,0.0,0
2018-11-19,14.1,0.0,0
2018-11-20,14.71,0.0,0
2018-11-21,14.24,0.0,0
2018-11-22,14.45,0.0,0
2018-11-23,15.75,0.0,0
2018-11-24,14.81,0.0,0
2018-11-25,15.45,0.0,0
2018-11-26,15.72,0.0,0
2018-11-27,15.57,0.0,0
2018-11-28,15.55,0.0,0
2018-11-29,15.94,0.0,0
2018-11-30,15.26,0.0,0
2018-12-01,14.16,0.0,0
2018-12-02,13.78,0.0,0
2018-12-03,13.56,0.0,0
2018-12-04,14.02,0.0,0
2018-12-05,13.55,0.0,0
2018-12-06,13.44,0.0,0
2018-12-07,12.25,0.0,0
2018-12-08,12.41,0.0,0
2018-12-09,12.9,0.0,0
2018-12-10,13.16,0.0,0
2018-12-11,12.83,0.0,0
2018-12-12,13.15,0.0,0
2018-12-13,12.75,0.0,0
2018-12-14,11.9,0.0,0
2018-12-15,12.57,0.0,0
2018-12-16,13.46,0.0,0
2018-12-17,14.61,0.39,0
2018-12-18,11.19,0.32,0
2018-12-19,9.9,0.0,0
2018-12-20,11.88,0.0,0
2018-12-21,11.32,0.0,0
2018-12-22,10.56,0.0,0
2018-12-23,12.41,0.0,0
2018-12-24,12.49,0.0,0
2018-12-25,11.6,0.0,0
2018-12-26,10.76,0.0,0
2018-12-27,8.8,0.0,0
2018-12-28,8.44,0.16,0
2018-12-29,9.12,0.0,0
2018-12-30,11.4,0.0,0
2018-12-31,11.52,0.0,0
2019-01-01,11.13,0.0,0
2019-01-02,10.81,0.0,0
2019-01-03,9.96,0.0,0
2019-01-04,10.26,0.0,0
2019-01-05,11.45,0.0,0
2019-01-06,11.97,0.0,0
2019-01-07,9.62,0.11,0
2019-01-08,10.96,0.0,0
2019-01-09,11.5,0.01,0
2019-01-10,10.85,0.01,0
2019-01-11,10.88,0.0,0
2019-01-12,11.49,0.0,0
2019-01-13,11.99,0.0,0
2019-01-14,11.18,0.0,0
2019-01-15,10.71,0.0,0
2019-01-16,12.09,0.0,0
2019-01-17,12.55,0.0,0
2019-01-18,11.99,0.0,0
2019-01-19,11.64,0.0,0
2019-01-20,11.96,0.0,0
2019-01-21,12.85,0.0,0
2019-01-22,13.23,0.54,0
2019-01-23,12.11,1.05,0
2019-01-24,10.95,0.04,0
2019-01-25,11.24,1.07,0
2019-01-26,11.31,1.78,0
2019-01-27,12.11,0.12,0
2019-01-28,10.95,0.26,0
2019-01-29,9.25,1.08,0
2019-01-30,10.93,0.0,0
2019-01-31,12.8,0.0,0
2019-02-01,13.51,0.0,0
2019-02-02,13.01,0.0,0
2019-02-03,13.39,0.0,0
2019-02-04,13.53,0.0,0
2019-02-05,14.07,0.0,0
2019-02-06,14.49,0.02,0
2019-02-07,13.88,4.36,0
2019-02-08,13.01,9.52,0
2019-02-09,8.79,15.53,0
2019-02-10,10.14,0.0,0
2019-02-11,12.18,0.0,0
2019-02-12,13.43,0.0,0
2019-02-13,15.24,0.0,0
2019-02-14,15.92,0.02,0
2019-02-15,14.47,2.71,0
2019-02-16,11.75,1.01,0
2019-02-17,11.6,0.16,0
2019-02-18,12.48,0.03,0
2019-02-19,12.69,0.71,0
2019-02-20,14.97,0.05,0
2019-02-21,16.59,0.0,0
2019-02-22,18.28,0.0,0
2019-02-23,16.54,0.0,0
2019-02-24,15.93,0.0,0
2019-02-25,13.6,0.01,0
2019-02-26,13.78,0.04,0
2019-02-27,12.61,12.39,0
2019-02-28,9.95,6.05,0
2019-03-01,10.59,0.0,0
2019-03-02,12.6,0.0,0
2019-03-03,13.79,0.35,0
2019-03-04,14.94,0.04,0
2019-03-05,14.52,0.1,0
2019-03-06,14.13,0.0,0
2019-03-07,14.32,0.01,0
2019-03-08,14.0,0.07,0
2019-03-09,15.42,0.1,0
2019-03-10,16.54,0.0,0
2019-03-11,17.0,0.0,0
2019-03-12,17.98,0.0,0
2019-03-13,19.01,0.0,0
2019-03-14,20.09,0.0,1
2019-03-15,19.44,0.0,0
2019-03-16,18.24,0.0,0
2019-03-17,17.93,0.0,0
2019-03-18,17.52,1.07,0
2019-03-19,17.23,2.4,0
2019-03-20,17.12,0.8,0
2019-03-21,18.09,0.26,0
2019-03-22,18.85,0.01,0
2019-03-23,18.88,0.0,0
2019-03-24,19.82,0.0,1
2019-03-25,20.0,0.47,2
2019-03-26,15.89,8.35,0
2019-03-27,18.24,0.97,0
2019-03-28,20.19,0.0,1
2019-03-29,20.78,0.24,4
2019-03-30,19.86,1.6,1
2019-03-31,20.88,4.31,5
2019-04-01,20.36,1.13,3
2019-04-02,19.66,0.15,1
2019-04-03,20.29,0.02,2
2019-04-04,20.67,0.28,4
2019-04-05,20.39,2.72,3
2019-04-06,19.51,10.6,1
2019-04-07,18.45,5.04,0
2019-04-08,20.55,0.56,3
2019-04-09,19.74,8.96,2
2019-04-10,20.78,0.0,4
2019-04-11,21.39,0.14,8
2019-04-12,23.03,0.71,20
2019-04-13,22.67,1.26,15
2019-04-14,23.71,3.11,27
2019-04-15,24.86,0.03,34
2019-04-16,24.67,2.72,40
2019-04-17,22.49,4.5,15
2019-04-18,20.74,0.44,4
2019-04-19,20.34,6.23,4
2019-04-20,20.49,0.5,3
2019-04-21,21.66,1.67,10
2019-04-22,20.45,4.75,2
2019-04-23,20.63,4.59,3
2019-04-24,22.24,1.07,16
2019-04-25,23.26,1.98,20
2019-04-26,24.39,1.79,31
2019-04-27,25.52,0.96,60
2019-04-28,26.36,3.08,78
2019-04-29,25.68,0.81,68
2019-04-30,25.37,0.42,56
2019-05-01,25.7,0.34,69
2019-05-02,26.36,1.53,79
2019-05-03,24.35,7.52,52
2019-05-04,22.96,0.43,17
2019-05-05,23.87,0.03,24
2019-05-06,24.4,0.0,26
2019-05-07,25.55,0.0,35
2019-05-08,25.93,0.0,43
2019-05-09,26.97,0.0,74
2019-05-10,26.56,0.0,60
2019-05-11,26.63,0.05,63
2019-05-12,25.78,0.76,62
2019-05-13,25.27,0.22,55
2019-05-14,24.15,2.09,28
2019-05-15,23.83,4.77,24
2019-05-16,23.32,3.56,27
2019-05-17,24.77,0.74,50
2019-05-18,25.48,1.24,48
2019-05-19,24.64,0.26,48
2019-05-20,25.04,3.99,39
2019-05-21,25.78,4.71,55
2019-05-22,25.29,1.54,55
2019-05-23,25.04,1.71,48
2019-05-24,26.0,0.71,55
2019-05-25,26.99,1.59,73
2019-05-26,25.46,0.21,47
2019-05-27,26.08,1.24,64
2019-05-28,25.86,2.78,63
2019-05-29,25.03,8.07,60
2019-05-30,25.4,5.13,64
2019-05-31,26.07,0.03,56
2019-06-01,24.33,3.97,31
2019-06-02,23.91,3.58,36
2019-06-03,21.87,2.39,10
2019-06-04,24.57,0.03,24
2019-06-05,23.86,0.88,35
2019-06-06,24.27,6.32,34
2019-06-07,25.63,4.2,48
2019-06-08,25.77,1.18,62
2019-06-09,26.19,1.27,77
2019-06-10,24.94,7.05,53
2019-06-11,24.58,2.31,41
2019-06-12,26.26,0.4,75
2019-06-13,27.3,0.21,90
2019-06-14,28.06,2.4,97
2019-06-15,28.01,1.71,124
2019-06-16,28.2,0.43,143
2019-06-17,27.97,1.08,94
2019-06-18,27.66,2.26,125
2019-06-19,27.0,1.78,102
2019-06-20,27.6,0.49,122
2019-06-21,26.99,7.47,84
2019-06-22,23.67,9.4,32
2019-06-23,25.09,6.99,50
2019-06-24,27.15,0.27,106
2019-06-25,28.08,1.21,100
2019-06-26,27.87,3.89,119
2019-06-27,26.52,15.08,76
2019-06-28,27.19,2.52,105
2019-06-29,26.85,1.46,68
2019-06-30,26.08,2.02,62
2019-07-01,26.52,8.18,75
2019-07-02,25.23,0.88,54
2019-07-03,26.15,0.6,81
2019-07-04,26.36,0.54,63
2019-07-05,25.42,4.89,52
2019-07-06,24.21,15.29,44
2019-07-07,23.76,17.61,36
2019-07-08,24.39,14.11,47
2019-07-09,23.02,15.09,22
2019-07-10,22.73,15.75,22
2019-07-11,22.35,23.73,20
2019-07-12,21.78,61.26,12
2019-07-13,21.52,41.76,11
2019-07-14,23.03,17.05,28
2019-07-15,23.13,8.39,25
2019-07-16,23.28,4.14,21
2019-07-17,23.57,9.16,29
2019-07-18,23.91,13.12,37
2019-07-19,23.47,10.46,32
2019-07-20,23.06,1.96,24
2019-07-21,23.39,3.46,21
2019-07-22,23.64,7.5,39
2019-07-23,23.18,18.95,30
2019-07-24,22.02,34.64,16
2019-07-25,21.99,20.27,14
2019-07-26,22.5,8.77,15
2019-07-27,22.92,3.01,23
2019-07-28,23.39,1.41,23
2019-07-29,23.41,0.87,27
2019-07-30,23.03,0.79,18
2019-07-31,22.44,0.94,17
2019-08-01,22.59,0.91,19
2019-08-02,23.22,5.12,30
2019-08-03,23.45,9.54,26
2019-08-04,22.79,7.68,20
2019-08-05,23.15,15.47,30
2019-08-06,24.67,6.75,56
2019-08-07,24.23,13.31,44
2019-08-08,23.02,2.33,18
2019-08-09,22.7,2.21,20
2019-08-10,23.06,4.83,19
2019-08-11,23.3,9.18,32
2019-08-12,25.06,5.18,61
2019-08-13,23.87,13.75,42
2019-08-14,23.03,0.83,21
2019-08-15,22.73,3.66,21
2019-08-16,22.61,13.0,18
2019-08-17,22.39,7.03,16
2019-08-18,22.25,3.66,15
2019-08-19,23.18,1.42,26
2019-08-20,23.03,0.55,18
2019-08-21,22.65,1.72,13
2019-08-22,23.36,0.99,21
2019-08-23,22.81,9.09,25
2019-08-24,22.67,5.33,22
2019-08-25,22.37,3.1,17
2019-08-26,23.42,1.64,22
2019-08-27,23.36,0.69,19
2019-08-28,23.42,9.27,27
2019-08-29,23.12,9.4,21
2019-08-30,23.31,12.28,30
2019-08-31,22.55,15.02,21
2019-09-01,22.7,17.41,23
2019-09-02,23.35,11.24,27
2019-09-03,23.12,9.46,23
2019-09-04,22.48,9.68,20
2019-09-05,22.35,15.36,17
2019-09-06,22.64,28.41,23
2019-09-07,23.13,7.07,22
2019-09-08,23.13,1.43,19
2019-09-09,22.91,4.1,21
2019-09-10,23.13,7.02,26
2019-09-11,22.99,5.44,26
2019-09-12,22.21,2.82,11
2019-09-13,21.55,6.17,11
2019-09-14,21.77,2.02,11
2019-09-15,22.17,0.71,12
2019-09-16,22.33,9.71,16
2019-09-17,21.46,21.88,9
2019-09-18,20.16,14.68,2
2019-09-19,20.65,1.34,3
2019-09-20,21.27,0.73,6
2019-09-21,21.3,0.71,6
2019-09-22,20.6,0.68,3
2019-09-23,20.48,2.33,3
2019-09-24,19.95,10.52,2
2019-09-25,19.48,15.79,1
2019-09-26,19.75,12.72,1
2019-09-27,19.16,11.33,0
2019-09-28,18.48,9.33,0
2019-09-29,17.89,4.1,0
2019-09-30,19.42,1.08,0
2019-10-01,19.37,0.88,0
2019-10-02,19.53,0.73,1
2019-10-03,19.94,0.69,1
2019-10-04,20.41,0.3,3
2019-10-05,20.47,1.36,3
2019-10-06,20.52,0.34,3
2019-10-07,20.35,0.08,2
2019-10-08,19.94,1.52,2
2019-10-09,19.11,0.6,0
2019-10-10,18.77,0.4,0
2019-10-11,18.61,0.53,0
2019-10-12,18.89,0.02,0
2019-10-13,18.67,0.0,0
2019-10-14,18.71,0.0,0
2019-10-15,19.49,0.0,0
2019-10-16,18.76,0.15,0
2019-10-17,18.97,0.26,0
2019-10-18,18.57,0.01,0
2019-10-19,18.85,0.0,0
2019-10-20,18.33,0.01,0
2019-10-21,18.25,0.0,0
2019-10-22,17.62,0.0,0
2019-10-23,16.91,0.08,0
2019-10-24,17.2,0.2,0
2019-10-25,16.21,0.0,0
2019-10-26,16.06,0.0,0
2019-10-27,16.82,0.0,0
2019-10-28,16.74,0.0,0
2019-10-29,17.68,0.0,0
2019-10-30,17.01,0.0,0
2019-10-31,17.27,0.0,0
2019-11-01,16.77,0.0,0
2019-11-02,17.72,0.0,0
2019-11-03,18.12,0.01,0
2019-11-04,17.76,4.71,0
2019-11-05,16.47,23.75,0
2019-11-06,16.21,0.0,0
2019-11-07,17.27,0.0,0
2019-11-08,17.84,0.0,0
2019-11-09,17.97,0.0,0
2019-11-10,17.25,0.0,0
2019-11-11,16.41,0.0,0
2019-11-12,15.89,0.0,0
2019-11-13,16.26,0.0,0
2019-11-14,17.03,0.0,0
2019-11-15,17.36,0.0,0
2019-11-16,16.79,0.0,0
2019-11-17,15.84,0.0,0
2019-11-18,15.41,0.0,0
2019-11-19,14.91,0.0,0
2019-11-20,14.39,0.0,0
2019-11-21,14.2,0.0,0
2019-11-22,15.11,0.0,0
2019-11-23,15.06,0.0,0
2019-11-24,15.1,0.0,0
2019-11-25,15.32,0.0,0
2019-11-26,15.25,0.0,0
2019-11-27,15.72,0.0,0
2019-11-28,15.71,0.0,0
2019-11-29,15.28,0.0,0
2019-11-30,13.88,0.0,0
2019-12-01,13.05,0.0,0
2019-12-02,12.4,0.0,0
2019-12-03,11.35,0.0,0
2019-12-04,11.07,0.0,0
2019-12-05,13.99,0.0,0
2019-12-06,14.18,0.0,0
2019-12-07,12.91,0.0,0
2019-12-08,12.75,0.0,0
2019-12-09,11.82,0.0,0
2019-12-10,11.63,0.0,0
2019-12-11,11.53,0.01,0
2019-12-12,11.12,0.11,0
2019-12-13,10.94,11.59,0
2019-12-14,9.9,9.71,0
2019-12-15,10.76,0.08,0
2019-12-16,10.07,0.0,0
2019-12-17,9.75,0.0,0
2019-12-18,8.92,0.0,0
2019-12-19,9.38,0.0,0
2019-12-20,10.26,0.0,0
2019-12-21,10.61,0.0,0
2019-12-22,10.61,0.0,0
2019-12-23,10.19,0.0,0
2019-12-24,9.8,0.0,0
2019-12-25,9.73,0.0,0
2019-12-26,8.65,0.0,0
2019-12-27,7.13,0.0,0
2019-12-28,6.91,0.0,0
2019-12-29,10.18,0.0,0
2019-12-30,10.48,0.0,0
2019-12-31,11.13,0.0,0
2020-01-01,10.66,0.0,0
2020-01-02,10.26,0.48,0
2020-01-03,9.04,2.38,0
2020-01-04,8.35,0.77,0
2020-01-05,7.07,0.12,0
2020-01-06,7.99,0.0,0
2020-01-07,9.75,0.12,0
2020-01-08,10.45,1.31,0
2020-01-09,8.46,3.06,0
2020-01-10,7.56,0.05,0
2020-01-11,8.27,0.0,0
2020-01-12,10.23,0.0,0
2020-01-13,11.23,0.0,0
2020-01-14,12.27,0.0,0
2020-01-15,12.2,0.0,0
2020-01-16,12.63,0.44,0
2020-01-17,10.7,21.59,0
2020-01-18,11.0,0.27,0
2020-01-19,9.73,0.0,0
2020-01-20,8.45,0.0,0
2020-01-21,8.99,0.0,0
2020-01-22,10.08,0.0,0
2020-01-23,8.74,0.0,0
2020-01-24,7.6,0.0,0
2020-01-25,8.67,0.0,0
2020-01-26,8.08,0.0,0
2020-01-27,8.49,0.0,0
2020-01-28,11.58,0.0,0
2020-01-29,11.18,0.01,0
2020-01-30,9.59,0.12,0
2020-01-31,9.71,0.0,0
2020-02-01,9.37,0.02,0
2020-02-02,8.9,0.0,0
2020-02-03,9.07,0.0,0
2020-02-04,9.89,0.0,0
2020-02-05,9.37,0.0,0
2020-02-06,9.19,0.0,0
2020-02-07,9.97,0.0,0
2020-02-08,9.33,0.0,0
2020-02-09,9.58,0.0,0
2020-02-10,10.02,0.0,0
2020-02-11,10.18,0.0,0
2020-02-12,10.86,0.0,0
2020-02-13,11.95,0.0,0
2020-02-14,13.27,0.0,0
2020-02-15,12.68,0.02,0
2020-02-16,13.05,0.01,0
2020-02-17,13.24,0.0,0
2020-02-18,12.74,0.0,0
2020-02-19,13.4,0.0,0
2020-02-20,13.87,0.01,0
2020-02-21,14.53,0.11,0
2020-02-22,12.96,4.19,0
2020-02-23,14.23,1.81,0
2020-02-24,13.4,1.5,0
2020-02-25,12.94,6.63,0
2020-02-26,10.49,8.7,0
2020-02-27,12.03,0.24,0
2020-02-28,13.95,0.0,0
2020-02-29,14.54,0.0,0
2020-03-01,15.66,0.0,0
2020-03-02,15.27,0.21,0
2020-03-03,15.3,0.73,0
2020-03-04,15.12,0.23,0
2020-03-05,14.55,2.2,0
2020-03-06,12.65,1.27,0
2020-03-07,14.18,8.49,0
2020-03-08,14.59,0.11,0
2020-03-09,14.99,0.0,0
2020-03-10,16.1,0.0,0
2020-03-11,16.3,0.01,0
2020-03-12,18.42,0.01,0
2020-03-13,17.32,2.76,0
2020-03-14,14.52,0.44,0
2020-03-15,15.39,0.05,0
2020-03-16,15.52,0.0,0
2020-03-17,16.24,0.06,0
2020-03-18,16.87,1.0,0
2020-03-19,16.52,12.82,0
2020-03-20,16.51,0.77,0
2020-03-21,16.93,2.16,0
2020-03-22,15.9,9.57,0
2020-03-23,15.12,5.05,0
2020-03-24,17.6,0.0,0
2020-03-25,18.58,0.71,0
2020-03-26,20.28,0.11,2
2020-03-27,21.56,0.05,5
2020-03-28,20.51,0.77,3
2020-03-29,19.48,0.0,0
2020-03-30,19.41,0.0,0
2020-03-31,20.43,0.04,2
2020-04-01,20.42,1.89,3
2020-04-02,19.93,0.33,1
2020-04-03,19.54,0.0,0
2020-04-04,19.66,0.0,1
2020-04-05,19.94,0.0,1
2020-04-06,20.35,0.0,2
2020-04-07,21.0,0.0,4
2020-04-08,21.51,0.09,6
2020-04-09,21.05,0.32,5
2020-04-10,21.33,0.0,5
2020-04-11,21.01,0.24,6
2020-04-12,21.49,0.02,6
2020-04-13,22.5,1.06,17
2020-04-14,21.34,9.65,8
2020-04-15,19.67,1.33,1
2020-04-16,20.65,0.72,4
2020-04-17,21.97,3.07,12
2020-04-18,21.77,7.95,13
2020-04-19,22.34,1.37,14
2020-04-20,22.84,2.69,16
2020-04-21,18.94,10.72,0
2020-04-22,17.33,6.99,0
2020-04-23,17.73,1.59,0
2020-04-24,18.48,7.05,0
2020-04-25,18.78,5.33,0
2020-04-26,17.99,0.94,0
2020-04-27,19.0,4.12,0
2020-04-28,18.09,5.18,0
2020-04-29,18.58,3.62,0
2020-04-30,19.19,2.13,0
2020-05-01,18.62,16.12,0
2020-05-02,18.2,2.84,0
2020-05-03,20.27,0.89,3
2020-05-04,20.95,9.04,5
2020-05-05,21.18,1.55,6
2020-05-06,20.46,3.23,3
2020-05-07,20.37,4.95,3
2020-05-08,20.02,0.18,1
2020-05-09,21.83,0.54,10
2020-05-10,21.29,2.94,6
2020-05-11,21.66,0.91,8
2020-05-12,21.38,1.4,8
2020-05-13,22.48,0.1,9
2020-05-14,23.67,1.78,29
2020-05-15,22.79,3.1,15
2020-05-16,24.03,0.86,36
2020-05-17,24.46,0.15,33
2020-05-18,23.91,0.43,30
2020-05-19,24.32,5.73,44
2020-05-20,23.45,1.2,30
2020-05-21,22.93,1.64,15
2020-05-22,24.43,0.15,32
2020-05-23,24.31,3.57,31
2020-05-24,25.0,1.29,54
2020-05-25,26.59,5.38,95
2020-05-26,25.84,11.73,71
2020-05-27,24.84,9.99,47
2020-05-28,21.81,0.03,8
2020-05-29,22.32,1.9,16
2020-05-30,22.2,3.3,11
2020-05-31,23.55,0.63,29
2020-06-01,22.61,2.21,15
2020-06-02,22.75,0.01,13
2020-06-03,23.32,3.95,23
2020-06-04,21.84,19.3,14
2020-06-05,19.95,37.32,2
2020-06-06,21.51,0.23,9
2020-06-07,22.41,0.21,14
2020-06-08,23.42,1.04,23
2020-06-09,24.43,0.09,29
2020-06-10,24.69,0.25,35
2020-06-11,23.86,1.37,34
2020-06-12,23.94,1.06,26
2020-06-13,24.61,1.77,36
2020-06-14,23.28,8.29,32
2020-06-15,22.29,23.98,15
2020-06-16,22.49,1.09,14
2020-06-17,22.65,4.32,18
2020-06-18,22.93,26.35,23
2020-06-19,22.52,23.79,18
2020-06-20,22.83,7.19,25
2020-06-21,23.21,8.16,21
2020-06-22,23.25,8.35,31
2020-06-23,22.49,12.88,21
2020-06-24,23.59,13.05,37
2020-06-25,23.29,18.65,25
2020-06-26,22.95,11.5,19
2020-06-27,23.04,14.66,25
2020-06-28,22.58,13.23,20
2020-06-29,21.76,5.23,13
2020-06-30,22.36,3.25,17
2020-07-01,23.49,1.32,22
2020-07-02,23.59,8.76,35
2020-07-03,22.47,26.19,18
2020-07-04,22.6,17.07,16
2020-07-05,22.97,5.51,21
2020-07-06,23.01,9.26,26
2020-07-07,23.18,8.04,24
2020-07-08,23.02,15.93,23
2020-07-09,22.75,28.49,23
2020-07-10,22.97,91.66,23
2020-07-11,22.4,23.17,21
2020-07-12,22.73,19.24,19
2020-07-13,22.58,4.32,17
2020-07-14,22.79,6.19,25
2020-07-15,23.32,1.65,27
2020-07-16,22.45,0.58,17
2020-07-17,22.64,7.17,16
2020-07-18,21.07,11.58,6
2020-07-19,21.81,43.01,10
2020-07-20,21.67,26.94,11
2020-07-21,21.15,4.45,5
2020-07-22,22.09,12.28,13
2020-07-23,21.85,32.08,12
2020-07-24,21.79,8.73,13
2020-07-25,22.15,1.81,14
2020-07-26,22.13,3.81,14
2020-07-27,22.93,4.22,19
2020-07-28,22.04,8.78,14
2020-07-29,22.28,6.84,19
2020-07-30,22.02,13.59,14
2020-07-31,22.34,10.59,18
2020-08-01,22.27,1.1,12
2020-08-02,23.14,0.75,25
2020-08-03,23.77,6.34,36
2020-08-04,24.8,12.0,44
2020-08-05,23.73,6.32,37
2020-08-06,23.09,5.07,30
2020-08-07,23.49,4.07,22
2020-08-08,22.92,4.09,18
2020-08-09,23.21,6.04,28
2020-08-10,22.91,10.73,24
2020-08-11,22.21,17.22,13
2020-08-12,22.84,4.44,16
2020-08-13,23.18,1.16,24
2020-08-14,23.03,2.19,20
2020-08-15,22.21,2.8,11
2020-08-16,22.85,2.01,19
2020-08-17,22.23,0.99,13
2020-08-18,23.24,0.82,23
2020-08-19,23.04,2.31,16
2020-08-20,22.92,6.85,23
2020-08-21,21.65,19.39,13
2020-08-22,21.22,3.6,5
2020-08-23,22.02,1.87,14
2020-08-24,21.82,1.1,9
2020-08-25,22.58,2.11,13
2020-08-26,23.78,3.8,28
2020-08-27,22.93,4.5,19
2020-08-28,22.2,1.34,11
2020-08-29,22.44,0.34,14
2020-08-30,22.16,0.73,12
2020-08-31,22.39,6.6,14
2020-09-01,22.5,17.67,21
2020-09-02,22.34,0.24,11
2020-09-03,22.34,0.06,11
2020-09-04,22.56,3.26,17
2020-09-05,22.61,8.85,22
2020-09-06,22.67,9.52,21
2020-09-07,22.44,4.76,14
2020-09-08,21.8,5.75,13
2020-09-09,21.45,3.15,6
2020-09-10,22.15,0.39,14
2020-09-11,22.24,0.18,13
2020-09-12,22.05,0.35,13
2020-09-13,21.79,3.6,8
2020-09-14,21.17,4.45,7
2020-09-15,21.36,10.0,8
2020-09-16,21.69,1.31,9
2020-09-17,21.15,1.85,6
2020-09-18,21.34,0.75,6
2020-09-19,22.46,0.0,11
2020-09-20,23.91,1.28,27
2020-09-21,22.44,15.54,14
2020-09-22,21.38,30.4,8
2020-09-23,20.66,28.24,5
2020-09-24,20.47,57.5,4
2020-09-25,21.04,15.04,7
2020-09-26,21.88,3.42,11
2020-09-27,21.27,0.0,4
2020-09-28,21.18,0.03,4
2020-09-29,21.33,0.06,6
2020-09-30,21.62,0.04,7
2020-10-01,21.56,0.0,6
2020-10-02,21.19,0.06,5
2020-10-03,21.36,5.48,10
2020-10-04,21.36,2.72,8
2020-10-05,21.41,2.03,8
2020-10-06,21.14,0.0,3
2020-10-07,20.93,0.01,4
2020-10-08,21.04,0.0,5
2020-10-09,21.37,0.0,6
2020-10-10,21.4,0.0,5
2020-10-11,21.03,0.22,5
2020-10-12,21.38,0.04,6
2020-10-13,21.22,0.01,4
2020-10-14,21.4,0.06,6
2020-10-15,21.66,0.01,5
2020-10-16,21.31,0.0,4
2020-10-17,20.76,0.0,3
2020-10-18,20.76,0.02,3
2020-10-19,20.23,0.11,2
2020-10-20,19.85,0.01,1
2020-10-21,19.4,0.0,0
2020-10-22,19.79,0.0,1
2020-10-23,19.62,0.0,0
2020-10-24,19.72,0.0,1
2020-10-25,19.02,0.0,0
2020-10-26,18.47,0.0,0
2020-10-27,18.12,0.0,0
2020-10-28,18.27,0.0,0
2020-10-29,19.25,0.0,0
2020-10-30,20.18,0.0,1
2020-10-31,20.75,0.0,3
2020-11-01,20.36,0.0,2
2020-11-02,19.42,0.0,0
2020-11-03,18.97,0.02,0
2020-11-04,17.54,0.01,0
2020-11-05,16.83,0.0,0
2020-11-06,16.21,0.01,0
2020-11-07,16.08,0.0,0
2020-11-08,16.68,0.0,0
2020-11-09,17.27,0.0,0
2020-11-10,17.73,0.01,0
2020-11-11,17.61,0.0,0
2020-11-12,17.57,0.0,0
2020-11-13,17.6,0.0,0
2020-11-14,17.42,0.0,0
2020-11-15,16.94,0.0,0
2020-11-16,16.62,0.0,0
2020-11-17,15.96,0.0,0
2020-11-18,14.39,0.0,0
2020-11-19,14.33,0.0,0
2020-11-20,14.51,0.0,0
2020-11-21,13.37,0.0,0
2020-11-22,12.2,0.0,0
2020-11-23,13.05,0.0,0
2020-11-24,14.02,0.0,0
2020-11-25,14.78,0.0,0
2020-11-26,15.59,0.0,0
2020-11-27,15.37,0.0,0
2020-11-28,14.54,0.0,0
2020-11-29,14.94,0.0,0
2020-11-30,15.0,0.0,0
2020-12-01,14.58,0.0,0
2020-12-02,14.55,0.0,0
2020-12-03,13.95,0.0,0
2020-12-04,13.8,0.0,0
2020-12-05,13.34,0.0,0
2020-12-06,13.55,0.03,0
2020-12-07,12.42,0.06,0
2020-12-08,12.79,0.0,0
2020-12-09,13.45,0.0,0
2020-12-10,14.25,0.0,0
2020-12-11,14.16,0.0,0
2020-12-12,14.41,0.04,0
2020-12-13,14.35,0.0,0
2020-12-14,14.36,0.0,0
2020-12-15,13.77,0.02,0
2020-12-16,12.61,0.0,0
2020-12-17,11.78,0.0,0
2020-12-18,10.4,0.0,0
2020-12-19,9.57,0.0,0
2020-12-20,11.07,0.0,0
2020-12-21,12.15,0.0,0
2020-12-22,12.71,0.0,0
2020-12-23,13.03,0.0,0
2020-12-24,13.32,0.0,0
2020-12-25,12.78,3.13,0
2020-12-26,11.92,0.17,0
2020-12-27,12.39,0.0,0
2020-12-28,12.6,0.0,0
2020-12-29,12.63,0.0,0
2020-12-30,12.04,0.0,0
2020-12-31,13.47,0.0,0
2021-01-01,13.61,0.0,0
2021-01-02,13.9,0.0,0
2021-01-03,15.05,0.0,0
2021-01-04,16.34,0.0,0
2021-01-05,16.47,0.0,0
2021-01-06,16.78,0.0,0
2021-01-07,16.32,0.0,0
2021-01-08,14.75,0.0,0
2021-01-09,15.62,0.0,0
2021-01-10,15.08,0.0,0
2021-01-11,13.52,0.0,0
2021-01-12,11.34,0.0,0
2021-01-13,10.14,0.0,0
2021-01-14,9.99,0.0,0
2021-01-15,11.25,0.0,0
2021-01-16,11.39,0.0,0
2021-01-17,11.26,0.0,0
2021-01-18,13.44,0.0,0
2021-01-19,11.86,0.0,0
2021-01-20,10.99,0.0,0
2021-01-21,10.22,0.0,0
2021-01-22,9.77,0.0,0
2021-01-23,11.77,0.0,0
2021-01-24,11.86,0.0,0
2021-01-25,11.45,0.0,0
2021-01-26,10.88,0.0,0
2021-01-27,11.11,0.0,0
2021-01-28,11.18,0.0,0
2021-01-29,10.83,0.0,0
2021-01-30,9.35,0.0,0
2021-01-31,9.87,0.0,0
2021-02-01,9.99,0.0,0
2021-02-02,11.22,0.0,0
2021-02-03,12.5,0.0,0
2021-02-04,13.24,0.0,0
2021-02-05,13.24,0.05,0
2021-02-06,11.12,0.54,0
2021-02-07,11.36,0.0,0
2021-02-08,13.14,0.06,0
2021-02-09,13.89,0.0,0
2021-02-10,13.47,0.0,0
2021-02-11,13.69,0.0,0
2021-02-12,14.32,0.0,0
2021-02-13,14.05,0.0,0
2021-02-14,13.9,0.02,0
2021-02-15,13.83,0.18,0
2021-02-16,13.95,0.15,0
2021-02-17,14.36,0.07,0
2021-02-18,13.56,0.56,0
2021-02-19,13.8,1.05,0
2021-02-20,15.09,0.0,0
2021-02-21,15.76,0.0,0
2021-02-22,16.16,0.0,0
2021-02-23,16.26,0.0,0
2021-02-24,16.3,0.0,0
2021-02-25,16.54,0.0,0
2021-02-26,17.66,0.02,0
2021-02-27,17.54,0.07,0
2021-02-28,18.19,0.02,0
2021-03-01,18.1,0.03,0
2021-03-02,15.7,0.0,0
2021-03-03,15.83,0.0,0
2021-03-04,16.14,0.0,0
2021-03-05,16.79,0.23,0
2021-03-06,16.79,1.42,0
2021-03-07,17.23,0.0,0
2021-03-08,16.93,0.01,0
2021-03-09,17.99,0.35,0
2021-03-10,18.67,0.86,0
2021-03-11,18.71,1.22,0
2021-03-12,19.3,0.04,0
2021-03-13,18.7,0.21,0
2021-03-14,17.85,0.1,0
2021-03-15,18.38,0.0,0
2021-03-16,18.86,0.09,0
2021-03-17,19.45,0.0,0
2021-03-18,19.45,0.08,0
2021-03-19,20.78,0.06,3
2021-03-20,20.56,0.01,2
2021-03-21,19.56,0.0,0
2021-03-22,20.23,0.0,2
2021-03-23,21.47,0.0,6
2021-03-24,20.77,0.0,3
2021-03-25,19.03,0.0,0
2021-03-26,19.75,0.0,0
2021-03-27,20.93,0.0,3
2021-03-28,20.99,0.0,4
2021-03-29,21.03,0.16,5
2021-03-30,21.27,2.15,7
2021-03-31,22.48,4.36,12
2021-04-01,20.49,2.0,4
2021-04-02,19.9,0.16,2
2021-04-03,19.14,0.0,0
2021-04-04,19.63,0.0,0
2021-04-05,20.75,0.0,2
2021-04-06,21.96,0.0,8
2021-04-07,23.2,0.03,13
2021-04-08,23.08,0.02,17
2021-04-09,22.63,0.06,13
2021-04-10,22.28,0.2,11
2021-04-11,22.46,0.06,13
2021-04-12,22.89,0.0,12
2021-04-13,23.56,0.01,19
2021-04-14,24.4,0.04,31
2021-04-15,23.77,0.02,24
2021-04-16,23.16,11.07,27
2021-04-17,22.43,2.15,12
2021-04-18,22.03,1.65,14
2021-04-19,21.78,1.06,11
2021-04-20,23.42,0.01,15
2021-04-21,22.75,4.75,19
2021-04-22,20.64,8.83,4
2021-04-23,21.86,0.01,6
2021-04-24,23.4,0.0,17
2021-04-25,23.96,0.0,23
2021-04-26,23.58,0.0,23
2021-04-27,24.3,0.0,29
2021-04-28,24.52,0.13,42
2021-04-29,24.14,1.68,36
2021-04-30,23.7,0.7,33
2021-05-01,22.03,3.01,11
2021-05-02,21.73,6.88,12
2021-05-03,22.17,0.91,15
2021-05-04,19.56,6.0,1
2021-05-05,19.18,6.01,0
2021-05-06,20.31,3.46,2
2021-05-07,21.51,9.07,9
2021-05-08,22.24,0.78,13
2021-05-09,21.11,2.26,6
2021-05-10,21.74,3.35,9
2021-05-11,21.11,4.81,6
2021-05-12,19.25,17.84,0
2021-05-13,19.84,2.19,1
2021-05-14,21.27,0.06,5
2021-05-15,23.55,0.02,17
2021-05-16,24.48,0.08,30
2021-05-17,25.32,0.05,38
2021-05-18,25.14,0.09,37
2021-05-19,22.66,5.3,21
2021-05-20,21.67,15.84,10
2021-05-21,23.42,1.44,26
2021-05-22,24.16,0.01,21
2021-05-23,24.84,0.09,32
2021-05-24,26.1,0.22,81
2021-05-25,25.06,1.75,46
2021-05-26,23.22,9.98,31
2021-05-27,22.57,47.1,22
2021-05-28,22.24,35.01,14
2021-05-29,22.89,16.07,20
2021-05-30,23.19,4.89,18
2021-05-31,22.91,4.4,17
2021-06-01,23.08,3.44,18
2021-06-02,22.53,0.11,18
2021-06-03,23.98,0.0,24
2021-06-04,24.42,0.38,42
2021-06-05,24.89,0.64,45
2021-06-06,24.33,0.79,42
2021-06-07,25.02,1.27,42
2021-06-08,24.89,6.2,49
2021-06-09,23.27,13.46,27
2021-06-10,22.07,10.14,12
2021-06-11,22.61,13.46,17
2021-06-12,22.71,13.16,17
2021-06-13,22.26,5.6,13
2021-06-14,22.95,21.37,27
2021-06-15,22.34,17.7,16
2021-06-16,22.82,7.36,21
2021-06-17,23.02,2.22,24
2021-06-18,22.67,0.73,15
2021-06-19,21.96,2.76,12
2021-06-20,22.0,4.32,11
2021-06-21,22.75,3.52,18
2021-06-22,23.29,3.67,19
2021-06-23,22.71,10.21,23
2021-06-24,23.21,6.6,27
2021-06-25,22.53,9.41,20
2021-06-26,22.12,21.15,16
2021-06-27,22.64,3.15,19
2021-06-28,23.2,2.48,24
2021-06-29,22.3,9.31,13
2021-06-30,22.11,17.09,12
2021-07-01,22.52,36.43,20
2021-07-02,22.8,31.06,20
2021-07-03,22.99,21.33,24
2021-07-04,22.45,5.67,16
2021-07-05,22.98,5.51,27
2021-07-06,22.91,15.07,22
2021-07-07,22.49,4.01,16
2021-07-08,22.6,21.46,19
2021-07-09,22.94,7.15,21
2021-07-10,22.43,20.01,17
2021-07-11,22.35,2.72,13
2021-07-12,22.75,5.71,25
2021-07-13,23.55,23.06,32
2021-07-14,22.74,21.33,20
2021-07-15,22.86,3.17,16
2021-07-16,22.56,6.83,17
2021-07-17,21.94,10.99,13
2021-07-18,22.51,2.92,18
2021-07-19,22.85,21.01,21
2021-07-20,23.21,23.74,26
2021-07-21,22.91,10.13,25
2021-07-22,22.9,5.03,25
2021-07-23,24.29,6.81,45
2021-07-24,24.01,4.73,37
2021-07-25,23.3,7.68,33
2021-07-26,23.21,20.84,21
2021-07-27,23.09,13.52,23
2021-07-28,23.11,16.17,27
2021-07-29,22.93,14.12,21
2021-07-30,23.12,4.83,24
2021-07-31,22.63,4.09,16
2021-08-01,23.16,2.5,25
2021-08-02,23.05,6.81,25
2021-08-03,22.99,31.94,22
2021-08-04,22.14,10.11,16
2021-08-05,23.56,3.18,29
2021-08-06,24.16,7.88,40
2021-08-07,22.79,15.0,22
2021-08-08,22.63,22.82,17
2021-08-09,22.91,7.94,27
2021-08-10,23.26,4.3,24
2021-08-11,23.26,4.21,20
2021-08-12,23.24,9.05,24
2021-08-13,23.07,17.5,22
2021-08-14,22.75,28.23,20
2021-08-15,22.66,15.87,16
2021-08-16,22.99,7.39,21
2021-08-17,22.65,10.06,22
2021-08-18,22.1,11.02,14
2021-08-19,22.41,11.34,15
2021-08-20,21.75,3.83,11
2021-08-21,21.29,3.65,7
2021-08-22,21.74,7.9,12
2021-08-23,21.85,16.17,13
2021-08-24,22.33,13.58,14
2021-08-25,22.47,11.93,21
2021-08-26,22.33,27.05,17
2021-08-27,22.04,24.22,11
2021-08-28,21.74,15.89,13
2021-08-29,21.53,15.48,10
2021-08-30,21.04,7.07,6
2021-08-31,21.31,7.3,10
2021-09-01,22.26,2.86,15
2021-09-02,22.2,10.95,16
2021-09-03,21.73,5.39,9
2021-09-04,22.18,2.71,13
2021-09-05,22.94,12.32,21
2021-09-06,22.05,39.73,12
2021-09-07,21.41,8.28,8
2021-09-08,21.45,8.59,10
2021-09-09,21.47,1.35,8
2021-09-10,22.41,0.46,17
2021-09-11,22.57,0.15,18
2021-09-12,23.06,0.59,20
2021-09-13,23.06,3.06,23
2021-09-14,21.58,0.75,7
2021-09-15,21.0,4.38,5
2021-09-16,21.02,3.75,5
2021-09-17,21.22,4.01,8
2021-09-18,21.89,1.17,11
2021-09-19,22.59,1.54,18
2021-09-20,22.48,5.72,21
2021-09-21,22.09,8.56,11
2021-09-22,21.09,8.97,6
2021-09-23,21.08,1.73,7
2021-09-24,21.79,0.34,11
2021-09-25,22.07,2.57,13
2021-09-26,22.39,5.23,15
2021-09-27,22.28,3.4,16
2021-09-28,21.33,5.22,7
2021-09-29,20.65,3.46,3
2021-09-30,20.97,2.99,6
2021-10-01,20.99,3.11,6
2021-10-02,20.7,8.67,5
2021-10-03,21.16,10.13,9
2021-10-04,21.14,9.68,8
2021-10-05,21.43,9.09,9
2021-10-06,21.11,0.73,5
2021-10-07,21.25,0.98,6
2021-10-08,21.11,1.78,5
2021-10-09,20.77,1.62,4
2021-10-10,21.26,0.16,5
2021-10-11,21.22,0.0,4
2021-10-12,22.68,0.0,13
2021-10-13,23.06,0.0,16
2021-10-14,23.07,0.0,14
2021-10-15,22.58,0.12,13
2021-10-16,21.86,3.75,10
2021-10-17,21.13,14.93,7
2021-10-18,20.08,15.3,2
2021-10-19,19.35,30.73,0
2021-10-20,20.54,10.96,4
2021-10-21,19.23,0.78,0
2021-10-22,18.76,0.56,0
2021-10-23,17.77,0.32,0
2021-10-24,18.11,0.5,0
2021-10-25,18.1,0.12,0
2021-10-26,18.1,0.22,0
2021-10-27,17.78,0.01,0
2021-10-28,18.1,0.0,0
2021-10-29,17.5,0.0,0
2021-10-30,17.6,0.0,0
2021-10-31,16.54,0.0,0
2021-11-01,16.06,0.0,0
2021-11-02,16.5,0.0,0
2021-11-03,16.09,0.0,0
2021-11-04,15.81,0.0,0
2021-11-05,15.49,0.0,0
2021-11-06,15.54,0.0,0
2021-11-07,15.49,0.0,0
2021-11-08,16.0,0.0,0
2021-11-09,16.53,0.0,0
2021-11-10,16.73,0.0,0
2021-11-11,16.31,0.0,0
2021-11-12,15.75,0.0,0
2021-11-13,15.2,0.03,0
2021-11-14,15.2,0.41,0
2021-11-15,14.8,0.12,0
2021-11-16,14.82,0.0,0
2021-11-17,14.91,0.0,0
2021-11-18,16.04,0.0,0
2021-11-19,16.02,0.0,0
2021-11-20,16.18,0.24,0
2021-11-21,15.78,0.0,0
2021-11-22,14.59,0.0,0
2021-11-23,13.13,0.0,0
2021-11-24,12.92,0.0,0
2021-11-25,13.18,0.0,0
2021-11-26,12.75,0.0,0
2021-11-27,12.92,0.0,0
2021-11-28,13.98,0.0,0
2021-11-29,13.9,0.0,0
2021-11-30,14.12,0.0,0
2021-12-01,15.14,0.0,0
2021-12-02,15.68,0.03,0
2021-12-03,15.61,0.41,0
2021-12-04,15.67,0.23,0
2021-12-05,15.85,0.12,0
2021-12-06,15.21,0.07,0
2021-12-07,14.67,0.03,0
2021-12-08,14.41,0.0,0
2021-12-09,13.86,0.0,0
2021-12-10,12.48,0.0,0
2021-12-11,11.61,0.0,0
2021-12-12,10.79,0.0,0
2021-12-13,10.99,0.0,0
2021-12-14,12.2,0.0,0
2021-12-15,12.34,0.0,0
2021-12-16,12.31,0.0,0
2021-12-17,12.93,0.0,0
2021-12-18,11.77,0.0,0
2021-12-19,10.41,0.0,0
2021-12-20,10.33,0.0,0
2021-12-21,10.83,0.0,0
2021-12-22,10.8,0.0,0
2021-12-23,10.48,0.0,0
2021-12-24,10.85,0.12,0
2021-12-25,9.19,0.12,0
2021-12-26,9.93,0.09,0
2021-12-27,10.43,0.39,0
2021-12-28,10.33,1.77,0
2021-12-29,7.7,18.55,0
2021-12-30,9.51,6.92,0
2021-12-31,10.42,0.0,0
2022-01-01,10.72,0.0,0
2022-01-02,10.41,0.0,0
2022-01-03,10.69,0.0,0
2022-01-04,10.62,0.0,0
2022-01-05,11.26,0.01,0
2022-01-06,11.58,0.19,0
2022-01-07,12.28,0.12,0
2022-01-08,13.34,0.0,0
2022-01-09,13.45,0.0,0
2022-01-10,12.14,0.01,0
2022-01-11,12.24,0.33,0
2022-01-12,11.28,0.79,0
2022-01-13,9.42,0.32,0
2022-01-14,9.91,0.13,0
2022-01-15,9.76,0.0,0
2022-01-16,9.1,0.0,0
2022-01-17,10.18,0.0,0
2022-01-18,11.23,0.0,0
2022-01-19,10.18,0.0,0
2022-01-20,10.05,0.25,0
2022-01-21,9.53,1.72,0
2022-01-22,9.81,0.06,0
2022-01-23,8.84,0.06,0
2022-01-24,9.94,0.1,0
2022-01-25,10.14,0.26,0
2022-01-26,8.06,0.33,0
2022-01-27,7.7,0.0,0
2022-01-28,6.9,0.0,0
2022-01-29,8.08,0.0,0
2022-01-30,8.97,0.0,0
2022-01-31,10.04,0.01,0
2022-02-01,9.42,0.05,0
2022-02-02,9.43,0.02,0
2022-02-03,9.75,7.11,0
2022-02-04,7.42,25.41,0
2022-02-05,6.74,4.77,0
2022-02-06,7.64,0.01,0
2022-02-07,9.49,0.0,0
2022-02-08,9.67,0.0,0
2022-02-09,11.02,0.01,0
2022-02-10,10.22,0.03,0
2022-02-11,9.7,0.02,0
2022-02-12,9.53,0.0,0
2022-02-13,10.83,0.0,0
2022-02-14,11.83,0.0,0
2022-02-15,12.72,0.0,0
2022-02-16,12.27,0.0,0
2022-02-17,11.62,0.0,0
2022-02-18,12.02,0.0,0
2022-02-19,11.97,0.15,0
2022-02-20,10.46,1.31,0
2022-02-21,10.09,0.43,0
2022-02-22,11.59,0.0,0
2022-02-23,12.76,0.0,0
2022-02-24,14.33,0.0,0
2022-02-25,12.94,0.19,0
2022-02-26,12.83,0.04,0
2022-02-27,13.85,0.0,0
2022-02-28,13.91,0.0,0
2022-03-01,15.01,0.0,0
2022-03-02,14.72,0.06,0
2022-03-03,15.38,0.0,0
2022-03-04,15.71,0.05,0
2022-03-05,15.57,0.01,0
2022-03-06,16.97,0.0,0
2022-03-07,18.86,0.0,0
2022-03-08,18.93,0.0,0
2022-03-09,18.88,0.0,0
2022-03-10,18.88,0.0,0
2022-03-11,18.36,0.0,0
2022-03-12,18.33,0.0,0
2022-03-13,18.93,0.0,0
2022-03-14,20.65,0.0,3
2022-03-15,20.87,0.03,3
2022-03-16,21.12,1.4,6
2022-03-17,21.44,1.0,7
2022-03-18,22.57,0.0,12
2022-03-19,23.16,0.0,18
2022-03-20,22.66,0.01,10
2022-03-21,21.47,0.39,7
2022-03-22,21.96,4.4,11
2022-03-23,21.17,0.95,5
2022-03-24,20.14,0.83,2
2022-03-25,20.3,0.23,3
2022-03-26,20.65,0.0,3
2022-03-27,21.13,0.0,4
2022-03-28,20.71,0.03,2
2022-03-29,20.27,0.11,3
2022-03-30,20.33,1.19,3
2022-03-31,20.51,2.31,3
2022-04-01,21.44,0.01,6
2022-04-02,22.4,0.79,15
2022-04-03,21.75,3.72,9
2022-04-04,23.02,0.35,17
2022-04-05,23.27,0.26,26
2022-04-06,23.06,0.02,12
2022-04-07,22.5,0.43,18
2022-04-08,22.61,1.05,16
2022-04-09,22.23,2.55,12
2022-04-10,21.53,5.03,10
2022-04-11,22.95,0.31,22
2022-04-12,22.5,0.38,17
2022-04-13,22.77,0.18,19
2022-04-14,23.99,0.85,28
2022-04-15,23.74,0.06,18
2022-04-16,23.42,0.02,17
2022-04-17,23.57,0.01,17
2022-04-18,24.33,0.06,30
2022-04-19,23.23,2.54,26
2022-04-20,22.27,6.78,14
2022-04-21,21.21,0.76,7
2022-04-22,22.83,2.71,15
2022-04-23,23.59,0.39,27
2022-04-24,24.32,0.01,22
2022-04-25,24.86,0.0,37
2022-04-26,24.87,0.06,31
2022-04-27,25.17,0.1,42
2022-04-28,24.74,2.3,43
2022-04-29,24.77,1.04,43
2022-04-30,23.3,8.5,23
2022-05-01,23.62,0.93,29
2022-05-02,21.5,24.21,11
2022-05-03,21.48,4.72,7
2022-05-04,21.03,2.0,5
2022-05-05,19.66,12.82,1
2022-05-06,20.35,2.49,2
2022-05-07,21.88,0.27,9
2022-05-08,21.61,6.93,9
2022-05-09,21.49,5.52,10
2022-05-10,22.1,7.11,17
2022-05-11,23.07,4.73,23
2022-05-12,23.73,1.08,25
2022-05-13,23.19,5.63,25
2022-05-14,23.71,0.15,23
2022-05-15,24.66,1.06,48
2022-05-16,24.58,6.88,44
2022-05-17,24.35,2.81,39
2022-05-18,24.45,0.61,41
2022-05-19,24.42,1.78,37
2022-05-20,24.27,5.67,38
2022-05-21,24.29,3.6,30
2022-05-22,23.49,9.7,25
2022-05-23,22.49,7.68,20
2022-05-24,22.62,1.55,15
2022-05-25,22.66,16.13,18
2022-05-26,21.63,12.23,10
2022-05-27,22.13,0.7,10
2022-05-28,22.14,3.43,12
2022-05-29,22.8,0.33,14
2022-05-30,23.79,1.75,28
2022-05-31,24.23,2.33,30
2022-06-01,25.3,2.65,43
2022-06-02,25.2,0.38,51
2022-06-03,25.11,5.36,60
2022-06-04,25.12,4.94,47
2022-06-05,24.51,4.75,45
2022-06-06,24.21,15.46,36
2022-06-07,24.75,6.62,58
2022-06-08,24.21,13.48,40
2022-06-09,24.49,5.87,42
2022-06-10,24.71,0.73,36
2022-06-11,24.52,5.28,42
2022-06-12,24.57,3.36,40
2022-06-13,24.98,2.54,55
2022-06-14,24.47,13.21,38
2022-06-15,24.28,22.47,41
2022-06-16,23.73,11.21,34
2022-06-17,23.38,12.93,26
2022-06-18,23.43,21.64,26
2022-06-19,23.33,6.58,26
2022-06-20,23.28,12.83,23
2022-06-21,22.42,4.04,16
2022-06-22,22.95,1.46,18
2022-06-23,23.21,5.41,26
2022-06-24,23.26,11.83,30
2022-06-25,22.78,5.82,17
2022-06-26,22.25,11.22,14
2022-06-27,22.78,11.34,21
2022-06-28,22.01,18.9,16
2022-06-29,21.1,5.43,7
2022-06-30,21.67,1.41,10
2022-07-01,23.02,14.67,26
2022-07-02,22.88,9.36,25
2022-07-03,22.93,2.18,23
2022-07-04,23.45,2.5,26
2022-07-05,23.15,0.77,22
2022-07-06,24.11,3.84,27
2022-07-07,23.95,7.98,32
2022-07-08,23.39,22.21,34
2022-07-09,23.31,4.11,25
2022-07-10,23.78,3.64,26
2022-07-11,23.53,2.88,28
2022-07-12,23.81,2.64,31
2022-07-13,23.33,1.35,20
2022-07-14,24.07,0.52,29
2022-07-15,23.77,0.05,22
2022-07-16,24.27,0.01,21
2022-07-17,24.45,1.57,36
2022-07-18,23.53,9.98,26
2022-07-19,23.37,5.22,23
2022-07-20,23.48,15.27,33
2022-07-21,22.54,19.06,15
2022-07-22,23.06,12.78,28
2022-07-23,23.05,12.76,26
2022-07-24,22.07,8.78,13
2022-07-25,21.73,8.49,11
2022-07-26,21.97,20.6,15
2022-07-27,22.15,16.54,13
2022-07-28,22.62,14.42,17
2022-07-29,22.01,6.86,14
2022-07-30,22.17,9.5,15
2022-07-31,22.61,21.54,16
2022-08-01,22.05,22.83,17
2022-08-02,21.63,15.24,11
2022-08-03,22.87,2.07,20
2022-08-04,22.37,3.87,12
2022-08-05,23.08,2.05,25
2022-08-06,22.75,15.07,18
2022-08-07,23.33,2.38,26
2022-08-08,23.44,3.41,29
2022-08-09,23.72,5.51,38
2022-08-10,22.85,14.18,22
2022-08-11,23.01,0.5,20
2022-08-12,23.21,0.33,27
2022-08-13,23.48,4.03,30
2022-08-14,23.16,12.81,28
2022-08-15,22.52,0.44,18
2022-08-16,22.69,0.63,15
2022-08-17,22.78,2.7,20
2022-08-18,23.07,4.92,22
2022-08-19,22.92,18.02,24
2022-08-20,23.51,8.79,34
2022-08-21,22.69,0.92,19
2022-08-22,23.28,0.5,20
2022-08-23,23.09,10.08,22
2022-08-24,22.81,4.06,17
2022-08-25,22.34,2.26,14
2022-08-26,22.78,5.29,18
2022-08-27,22.53,20.81,19
2022-08-28,21.89,22.21,15
2022-08-29,21.99,1.62,13
2022-08-30,21.98,2.08,12
2022-08-31,22.15,5.97,13
2022-09-01,21.68,18.7,10
2022-09-02,22.3,5.7,19
2022-09-03,22.21,7.05,17
2022-09-04,22.36,6.53,16
2022-09-05,22.07,7.2,17
2022-09-06,22.25,17.88,16
2022-09-07,22.1,10.33,13
2022-09-08,21.78,5.47,11
2022-09-09,21.17,4.9,6
2022-09-10,21.73,8.93,12
2022-09-11,21.91,2.47,12
2022-09-12,21.34,1.58,7
2022-09-13,20.57,3.2,4
2022-09-14,20.85,6.11,5
2022-09-15,21.25,10.38,9
2022-09-16,21.54,10.62,9
2022-09-17,22.03,2.59,10
2022-09-18,21.65,0.55,8
2022-09-19,22.56,1.32,16
2022-09-20,22.37,0.52,14
2022-09-21,22.6,0.53,14
2022-09-22,22.37,0.84,13
2022-09-23,21.8,7.53,13
2022-09-24,22.07,5.59,14
2022-09-25,21.04,13.19,7
2022-09-26,21.0,6.54,6
2022-09-27,21.02,2.14,4
2022-09-28,21.01,1.03,5
2022-09-29,21.26,0.19,8
2022-09-30,21.2,0.01,5
2022-10-01,21.59,0.03,7
2022-10-02,22.4,2.09,13
2022-10-03,22.72,12.02,22
2022-10-04,20.85,12.69,4
2022-10-05,19.75,23.73,1
2022-10-06,19.63,17.99,1
2022-10-07,20.44,6.21,3
2022-10-08,20.65,1.87,3
2022-10-09,20.71,5.8,5
2022-10-10,20.09,1.05,2
2022-10-11,20.23,3.08,3
2022-10-12,19.25,3.4,0
2022-10-13,18.76,0.29,0
2022-10-14,18.55,0.05,0
2022-10-15,18.83,0.02,0
2022-10-16,18.92,0.0,0
2022-10-17,18.31,0.0,0
2022-10-18,17.87,0.0,0
2022-10-19,17.14,0.0,0
2022-10-20,17.12,0.0,0
2022-10-21,17.68,0.0,0
2022-10-22,17.92,0.0,0
2022-10-23,18.25,0.0,0
2022-10-24,18.59,0.0,0
2022-10-25,16.93,0.0,0
2022-10-26,16.71,0.01,0
2022-10-27,16.31,0.0,0
2022-10-28,16.77,0.0,0
2022-10-29,16.94,0.0,0
2022-10-30,17.45,0.0,0
2022-10-31,17.88,0.0,0
2022-11-01,17.28,0.0,0
2022-11-02,16.61,0.0,0
2022-11-03,16.36,0.0,0
2022-11-04,17.08,0.0,0
2022-11-05,17.59,0.0,0
2022-11-06,17.04,0.0,0
2022-11-07,16.39,0.0,0
2022-11-08,15.99,0.0,0
2022-11-09,16.09,0.0,0
2022-11-10,15.7,0.0,0
2022-11-11,15.04,0.0,0
2022-11-12,14.88,0.0,0
2022-11-13,14.4,0.0,0
2022-11-14,14.94,0.0,0
2022-11-15,15.02,0.0,0
2022-11-16,14.68,0.07,0
2022-11-17,14.01,0.0,0
2022-11-18,13.64,0.0,0
2022-11-19,15.26,0.0,0
2022-11-20,15.7,0.0,0
2022-11-21,15.19,0.0,0
2022-11-22,15.0,0.0,0
2022-11-23,14.13,0.0,0
2022-11-24,14.0,0.0,0
2022-11-25,16.49,0.0,0
2022-11-26,16.02,0.0,0
2022-11-27,14.38,0.0,0
2022-11-28,13.96,0.0,0
2022-11-29,14.9,0.0,0
2022-11-30,15.08,0.0,0
2022-12-01,13.87,0.0,0
2022-12-02,14.21,0.0,0
2022-12-03,14.13,0.0,0
2022-12-04,14.23,0.0,0
2022-12-05,13.92,0.0,0
2022-12-06,13.23,0.0,0
2022-12-07,13.11,0.0,0
2022-12-08,13.3,0.0,0
2022-12-09,13.55,0.0,0
2022-12-10,14.1,0.0,0
2022-12-11,13.58,0.0,0
2022-12-12,13.81,0.0,0
2022-12-13,13.89,0.0,0
2022-12-14,13.1,0.0,0
2022-12-15,12.32,0.0,0
2022-12-16,11.76,0.0,0
2022-12-17,12.76,0.0,0
2022-12-18,13.41,0.0,0
2022-12-19,13.3,0.0,0
2022-12-20,12.82,0.0,0
2022-12-21,12.93,0.0,0
2022-12-22,12.39,0.0,0
2022-12-23,12.6,0.0,0
2022-12-24,10.88,0.01,0
2022-12-25,13.17,0.0,0
2022-12-26,12.13,0.0,0
2022-12-27,10.45,0.0,0
2022-12-28,9.59,0.0,0
2022-12-29,8.18,0.0,0
2022-12-30,10.03,0.0,0
2022-12-31,9.87,0.0,0
2023-01-01,9.55,0.0,0
2023-01-02,9.83,0.0,0
2023-01-03,9.78,0.0,0
2023-01-04,9.45,0.0,0
2023-01-05,9.42,0.0,0
2023-01-06,11.92,0.0,0
2023-01-07,12.66,0.0,0
2023-01-08,12.59,0.0,0
2023-01-09,12.6,0.0,0
2023-01-10,12.25,0.0,0
2023-01-11,10.64,0.0,0
2023-01-12,11.85,0.0,0
2023-01-13,12.06,0.0,0
2023-01-14,11.35,0.0,0
2023-01-15,10.29,0.0,0
2023-01-16,9.72,0.0,0
2023-01-17,9.43,0.0,0
2023-01-18,9.54,0.0,0
2023-01-19,9.75,0.0,0
2023-01-20,11.64,0.0,0
2023-01-21,12.32,0.0,0
2023-01-22,13.05,0.0,0
2023-01-23,13.46,0.0,0
2023-01-24,13.82,0.0,0
2023-01-25,14.91,0.0,0
2023-01-26,15.32,0.0,0
2023-01-27,15.16,0.0,0
2023-01-28,14.33,0.0,0
2023-01-29,14.78,0.0,0
2023-01-30,15.81,0.0,0
2023-01-31,15.81,0.0,0
2023-02-01,13.41,0.0,0
2023-02-02,12.55,0.0,0
2023-02-03,13.71,0.0,0
2023-02-04,13.32,0.0,0
2023-02-05,13.02,0.0,0
2023-02-06,13.12,0.0,0
2023-02-07,13.21,0.0,0
2023-02-08,13.42,0.0,0
2023-02-09,12.84,0.0,0
2023-02-10,13.11,0.0,0
2023-02-11,14.92,0.0,0
2023-02-12,13.09,0.0,0
2023-02-13,12.28,0.0,0
2023-02-14,12.54,0.0,0
2023-02-15,12.28,0.0,0
2023-02-16,14.84,0.0,0
2023-02-17,15.57,0.0,0
2023-02-18,15.74,0.0,0
2023-02-19,16.11,0.0,0
2023-02-20,16.42,0.0,0
2023-02-21,17.08,0.04,0
2023-02-22,16.38,0.08,0
2023-02-23,16.25,0.03,0
2023-02-24,16.58,0.01,0
2023-02-25,15.49,0.0,0
2023-02-26,14.95,1.52,0
2023-02-27,14.97,1.29,0
2023-02-28,15.62,0.01,0
2023-03-01,16.67,0.09,0
2023-03-02,17.02,0.05,0
2023-03-03,18.14,0.0,0
2023-03-04,18.3,0.0,0
2023-03-05,17.86,0.0,0
2023-03-06,17.67,0.0,0
2023-03-07,18.0,0.15,0
2023-03-08,17.43,0.55,0
2023-03-09,16.83,0.02,0
2023-03-10,17.34,0.0,0
2023-03-11,17.66,0.0,0
2023-03-12,19.04,0.01,0
2023-03-13,18.74,0.12,0
2023-03-14,17.93,0.18,0
2023-03-15,17.84,0.18,0
2023-03-16,17.95,0.17,0
2023-03-17,17.18,2.48,0
2023-03-18,16.69,6.53,0
2023-03-19,14.81,3.26,0
2023-03-20,12.99,11.44,0
2023-03-21,13.62,8.38,0
2023-03-22,15.19,0.74,0
2023-03-23,16.04,0.09,0
2023-03-24,17.94,0.88,0
2023-03-25,19.26,0.07,0
2023-03-26,19.46,0.01,0
2023-03-27,18.78,0.06,0
2023-03-28,18.57,0.11,0
2023-03-29,19.17,0.0,0
2023-03-30,19.1,0.07,0
2023-03-31,17.27,7.9,0
2023-04-01,16.38,3.57,0
2023-04-02,15.95,1.02,0
2023-04-03,18.81,1.15,0
2023-04-04,19.93,1.51,2
2023-04-05,19.66,0.38,1
2023-04-06,20.3,0.17,3
2023-04-07,20.92,0.0,3
2023-04-08,21.37,0.0,5
2023-04-09,21.41,0.0,6
2023-04-10,21.06,0.0,4
2023-04-11,22.22,0.0,8
2023-04-12,22.88,0.0,15
2023-04-13,23.12,0.0,16
2023-04-14,23.61,0.0,22
2023-04-15,24.67,0.0,34
2023-04-16,25.06,0.0,41
2023-04-17,24.61,0.0,35
2023-04-18,25.61,0.0,39
2023-04-19,25.45,0.0,42
2023-04-20,25.74,0.03,47
2023-04-21,24.23,1.72,29
2023-04-22,21.54,3.28,9
2023-04-23,20.81,2.72,4
2023-04-24,20.08,3.64,2
2023-04-25,20.11,0.41,2
2023-04-26,21.01,0.25,4
2023-04-27,21.28,0.01,5
2023-04-28,21.53,2.65,7
2023-04-29,21.56,7.79,11
2023-04-30,17.46,5.87,0
2023-05-01,18.66,0.07,0
2023-05-02,18.27,0.0,0
2023-05-03,19.4,0.95,0
2023-05-04,18.86,11.28,0
2023-05-05,20.76,0.01,3
2023-05-06,22.71,0.0,12
2023-05-07,23.33,0.01,18
2023-05-08,23.72,0.02,19
2023-05-09,23.47,0.0,18
2023-05-10,23.57,0.0,20
2023-05-11,23.05,0.0,12
2023-05-12,23.22,0.0,15
2023-05-13,24.68,0.09,26
2023-05-14,24.57,3.17,40
2023-05-15,22.79,11.18,19
2023-05-16,22.66,2.37,19
2023-05-17,22.97,13.32,23
2023-05-18,22.54,3.45,16
2023-05-19,22.97,1.13,17
2023-05-20,23.06,0.39,17
2023-05-21,23.81,0.91,35
2023-05-22,24.5,4.31,46
2023-05-23,23.78,3.52,31
2023-05-24,23.32,0.43,23
2023-05-25,22.53,4.88,15
2023-05-26,21.94,2.32,12
2023-05-27,21.88,11.68,14
2023-05-28,21.69,1.88,10
2023-05-29,24.05,0.08,23
2023-05-30,25.83,0.0,37
2023-05-31,27.05,0.0,60
2023-06-01,25.98,0.0,49
2023-06-02,25.63,0.05,40
2023-06-03,26.11,0.01,47
2023-06-04,26.43,0.0,56
2023-06-05,26.22,0.03,46
2023-06-06,26.66,0.4,86
2023-06-07,27.13,0.92,99
2023-06-08,28.03,0.01,91
2023-06-09,28.35,0.0,91
2023-06-10,27.07,0.08,62
2023-06-11,27.12,3.82,88
2023-06-12,26.48,12.7,81
2023-06-13,24.93,17.44,59
2023-06-14,24.85,23.53,49
2023-06-15,26.31,9.98,71
2023-06-16,26.5,0.7,76
2023-06-17,27.76,6.56,133
2023-06-18,26.83,15.45,117
2023-06-19,26.33,6.06,96
2023-06-20,26.28,0.53,61
2023-06-21,25.64,1.16,55
2023-06-22,25.46,2.73,62
2023-06-23,25.98,0.04,48
2023-06-24,24.51,0.01,34
2023-06-25,24.67,0.06,28
2023-06-26,25.47,0.33,60
2023-06-27,24.51,5.93,54
2023-06-28,23.66,5.34,37
2023-06-29,23.39,8.97,35
2023-06-30,22.77,5.27,17
2023-07-01,22.85,17.57,21
2023-07-02,24.23,7.88,41
2023-07-03,23.39,17.1,31
2023-07-04,22.58,34.34,18
2023-07-05,22.34,6.83,14
2023-07-06,23.73,0.88,30
2023-07-07,23.65,1.6,24
2023-07-08,23.85,0.63,34
2023-07-09,24.2,1.02,36
2023-07-10,24.03,5.21,37
2023-07-11,23.9,7.98,42
2023-07-12,24.22,4.97,30
2023-07-13,22.9,25.14,24
2023-07-14,22.52,22.53,21
2023-07-15,23.63,17.7,28
2023-07-16,23.7,4.31,25
2023-07-17,23.46,11.89,35
2023-07-18,23.04,18.55,21
2023-07-19,24.06,1.35,33
2023-07-20,24.29,3.32,30
2023-07-21,24.06,3.45,27
2023-07-22,24.14,12.13,37
2023-07-23,23.82,13.26,39
2023-07-24,22.47,10.98,19
2023-07-25,22.83,20.54,25
2023-07-26,22.56,6.04,17
2023-07-27,22.88,5.74,23
2023-07-28,23.18,11.33,28
2023-07-29,22.94,32.43,19
2023-07-30,22.71,10.34,17
2023-07-31,24.01,12.75,42
2023-08-01,24.67,5.24,52
2023-08-02,24.0,5.68,30
2023-08-03,24.01,1.87,35
2023-08-04,22.56,1.46,16
2023-08-05,22.79,4.96,21
2023-08-06,22.77,17.82,24
2023-08-07,22.51,27.02,15
2023-08-08,23.16,44.27,29
2023-08-09,22.8,10.87,20
2023-08-10,23.1,2.45,21
2023-08-11,22.79,9.29,19
2023-08-12,23.17,42.02,27
2023-08-13,22.1,13.12,13
2023-08-14,22.66,2.23,14
2023-08-15,22.54,1.72,16
2023-08-16,23.43,8.85,35
2023-08-17,23.67,9.31,27
2023-08-18,23.51,4.96,30
2023-08-19,23.68,1.2,27
2023-08-20,22.56,7.8,15
2023-08-21,22.6,12.82,21
2023-08-22,22.77,9.27,18
2023-08-23,22.15,18.72,12
2023-08-24,22.56,25.64,19
2023-08-25,22.0,34.84,15
2023-08-26,21.86,20.28,15
2023-08-27,22.95,10.81,21
2023-08-28,22.16,2.08,12
2023-08-29,22.05,2.55,10
2023-08-30,22.58,0.23,13
2023-08-31,22.49,0.57,13
2023-09-01,22.26,2.68,11
2023-09-02,22.5,2.94,16
2023-09-03,23.42,6.69,30
2023-09-04,23.37,8.36,32
2023-09-05,22.98,0.55,19
2023-09-06,23.62,1.48,31
2023-09-07,23.07,5.82,27
2023-09-08,21.65,14.5,11
2023-09-09,21.54,4.38,7
2023-09-10,22.77,1.61,19
2023-09-11,22.85,13.72,19
2023-09-12,22.36,17.84,14
2023-09-13,22.83,8.02,20
2023-09-14,22.88,7.5,23
2023-09-15,22.31,0.7,13
2023-09-16,22.75,0.34,16
2023-09-17,22.78,2.3,17
2023-09-18,22.73,3.51,15
2023-09-19,22.33,8.68,14
2023-09-20,22.16,4.2,10
2023-09-21,21.69,3.73,11
2023-09-22,21.13,11.24,6
2023-09-23,20.81,9.3,6
2023-09-24,21.41,4.0,8
2023-09-25,20.95,1.0,6
2023-09-26,21.79,1.12,12
2023-09-27,21.93,1.75,10
2023-09-28,22.34,2.75,15
2023-09-29,23.13,0.58,20
2023-09-30,21.83,5.18,10
2023-10-01,21.58,5.34,10
2023-10-02,21.45,7.36,7
2023-10-03,21.47,12.06,11
2023-10-04,20.99,9.01,6
2023-10-05,20.96,2.91,4
2023-10-06,20.91,3.9,6
2023-10-07,20.85,0.71,4
2023-10-08,21.05,0.28,5
2023-10-09,20.69,0.76,3
2023-10-10,20.88,0.44,5
2023-10-11,20.49,0.83,3
2023-10-12,19.79,1.38,1
2023-10-13,19.75,0.03,1
2023-10-14,18.97,0.04,0
2023-10-15,18.57,0.02,0
2023-10-16,18.84,2.08,0
2023-10-17,18.44,3.45,0
2023-10-18,17.96,0.03,0
2023-10-19,17.46,0.0,0
2023-10-20,17.23,0.0,0
2023-10-21,17.25,0.0,0
2023-10-22,17.68,0.0,0
2023-10-23,18.1,0.0,0
2023-10-24,18.19,0.0,0
2023-10-25,18.23,0.0,0
2023-10-26,17.78,0.0,0
2023-10-27,17.05,0.0,0
2023-10-28,17.03,0.0,0
2023-10-29,17.19,0.0,0
2023-10-30,17.9,0.0,0
2023-10-31,18.46,0.0,0
2023-11-01,18.01,0.0,0
2023-11-02,17.67,0.0,0
2023-11-03,17.48,0.0,0
2023-11-04,16.6,0.0,0
2023-11-05,16.44,0.04,0
2023-11-06,16.19,0.0,0
2023-11-07,15.93,0.0,0
2023-11-08,15.74,0.0,0
2023-11-09,15.82,0.0,0
2023-11-10,16.27,0.0,0
2023-11-11,16.17,0.0,0
2023-11-12,16.0,0.0,0
2023-11-13,16.53,0.0,0
2023-11-14,17.3,0.0,0
2023-11-15,16.91,0.0,0
2023-11-16,17.19,0.0,0
2023-11-17,17.72,0.0,0
2023-11-18,16.34,0.0,0
2023-11-19,16.5,0.0,0
2023-11-20,16.94,0.0,0
2023-11-21,15.95,0.0,0
2023-11-22,14.94,0.0,0
2023-11-23,15.34,0.0,0
2023-11-24,15.74,0.0,0
2023-11-25,15.49,0.0,0
2023-11-26,16.22,0.0,0
2023-11-27,16.05,0.0,0
2023-11-28,15.9,0.0,0
2023-11-29,15.84,0.0,0
2023-11-30,15.55,0.0,0
2023-12-01,15.33,0.0,0
2023-12-02,15.75,0.0,0
2023-12-03,15.68,0.0,0
2023-12-04,15.74,0.0,0
2023-12-05,15.83,0.03,0
2023-12-06,15.12,2.52,0
2023-12-07,13.81,0.9,0
2023-12-08,12.75,0.03,0
2023-12-09,12.55,0.0,0
2023-12-10,12.07,0.0,0
2023-12-11,11.92,0.01,0
2023-12-12,11.9,0.0,0
2023-12-13,11.81,0.0,0
2023-12-14,11.7,0.0,0
2023-12-15,11.79,0.0,0
2023-12-16,12.3,0.0,0
2023-12-17,12.05,0.0,0
2023-12-18,12.04,0.0,0
2023-12-19,11.89,0.0,0
2023-12-20,12.42,0.0,0
2023-12-21,13.67,0.0,0
2023-12-22,13.19,0.0,0
2023-12-23,13.87,0.0,0
2023-12-24,13.75,0.0,0
2023-12-25,12.88,0.0,0
2023-12-26,12.77,0.0,0
2023-12-27,13.12,0.0,0
2023-12-28,12.94,0.0,0
2023-12-29,13.04,0.0,0
2023-12-30,12.71,0.0,0
2023-12-31,12.72,0.0,0
2024-01-01,11.75,0.0,0
2024-01-02,11.25,0.0,0
2024-01-03,11.32,0.0,0
2024-01-04,11.38,0.0,0
2024-01-05,11.76,0.0,0
2024-01-06,11.7,0.0,0
2024-01-07,12.02,0.0,0
2024-01-08,11.48,0.0,0
2024-01-09,11.74,0.0,0
2024-01-10,12.27,0.0,0
2024-01-11,10.34,0.0,0
2024-01-12,10.77,0.0,0
2024-01-13,11.56,0.0,0
2024-01-14,11.95,0.0,0
2024-01-15,11.29,0.0,0
2024-01-16,10.76,0.0,0
2024-01-17,9.65,0.0,0
2024-01-18,9.12,0.0,0
2024-01-19,8.63,0.0,0
2024-01-20,9.33,0.0,0
2024-01-21,8.93,0.0,0
2024-01-22,8.68,0.0,0
2024-01-23,9.86,0.0,0
2024-01-24,9.69,0.0,0
2024-01-25,8.67,0.0,0
2024-01-26,8.8,0.0,0
2024-01-27,9.11,0.0,0
2024-01-28,9.49,0.0,0
2024-01-29,10.66,0.0,0
2024-01-30,10.08,0.0,0
2024-01-31,10.5,0.0,0
2024-02-01,10.65,0.0,0
2024-02-02,10.63,0.01,0
2024-02-03,11.26,0.0,0
2024-02-04,10.09,0.19,0
2024-02-05,10.58,0.01,0
2024-02-06,11.47,0.0,0
2024-02-07,10.98,0.0,0
2024-02-08,10.3,0.0,0
2024-02-09,10.83,0.0,0
2024-02-10,12.51,0.0,0
2024-02-11,13.6,0.0,0
2024-02-12,13.89,0.18,0
2024-02-13,14.59,0.08,0
2024-02-14,12.64,0.55,0
2024-02-15,13.54,0.2,0
2024-02-16,14.29,0.0,0
2024-02-17,13.57,0.0,0
2024-02-18,14.06,0.0,0
2024-02-19,14.52,0.0,0
2024-02-20,15.57,0.3,0
2024-02-21,13.97,0.95,0
2024-02-22,13.51,0.0,0
2024-02-23,12.02,0.0,0
2024-02-24,11.72,0.0,0
2024-02-25,12.18,0.0,0
2024-02-26,14.52,0.0,0
2024-02-27,15.78,0.0,0
2024-02-28,15.09,0.0,0
2024-02-29,15.16,0.0,0
2024-03-01,16.16,0.0,0
2024-03-02,16.4,0.02,0
2024-03-03,15.02,1.95,0
2024-03-04,15.56,0.06,0
2024-03-05,15.14,0.0,0
2024-03-06,16.14,0.0,0
2024-03-07,16.32,0.0,0
2024-03-08,15.95,0.0,0
2024-03-09,15.86,0.0,0
2024-03-10,15.93,0.0,0
2024-03-11,17.45,0.0,0
2024-03-12,18.08,0.0,0
2024-03-13,18.36,0.0,0
2024-03-14,17.33,0.0,0
2024-03-15,18.6,0.0,0
2024-03-16,17.79,0.01,0
2024-03-17,18.03,0.0,0
2024-03-18,18.62,0.0,0
2024-03-19,18.33,2.57,0
2024-03-20,14.13,32.52,0
2024-03-21,13.08,3.99,0
2024-03-22,15.38,0.3,0
2024-03-23,16.96,0.31,0
2024-03-24,18.47,0.04,0
2024-03-25,17.06,0.54,0
2024-03-26,18.4,0.0,0
2024-03-27,18.7,0.01,0
2024-03-28,19.31,0.0,0
2024-03-29,20.19,0.0,1
2024-03-30,21.47,0.01,6
2024-03-31,22.31,0.02,9
2024-04-01,21.01,0.0,4
2024-04-02,21.04,0.0,5
2024-04-03,21.9,0.0,7
2024-04-04,23.2,0.0,17
2024-04-05,23.2,0.0,13
2024-04-06,22.62,0.0,9
2024-04-07,23.0,0.0,16
2024-04-08,21.71,0.0,8
2024-04-09,21.37,0.0,5
2024-04-10,21.65,0.01,7
2024-04-11,21.42,0.45,8
2024-04-12,20.71,3.34,4
2024-04-13,21.47,0.08,5
2024-04-14,22.54,0.25,16
2024-04-15,23.71,1.06,30
2024-04-16,24.43,0.58,44
2024-04-17,23.6,0.14,30
2024-04-18,23.94,0.01,25
2024-04-19,24.47,0.0,31
2024-04-20,25.59,0.01,36
2024-04-21,24.59,0.03,25
2024-04-22,24.85,0.0,37
2024-04-23,24.46,0.0,30
2024-04-24,23.55,0.0,18
2024-04-25,24.27,0.0,28
2024-04-26,25.23,0.0,35
2024-04-27,25.85,0.0,51
2024-04-28,25.89,0.0,37
2024-04-29,26.15,0.0,57
2024-04-30,26.64,0.0,65
2024-05-01,25.02,0.0,38
2024-05-02,22.74,0.0,12
2024-05-03,24.57,0.0,25
2024-05-04,23.81,0.0,18
2024-05-05,23.35,0.15,20
2024-05-06,23.6,1.12,30
2024-05-07,20.61,8.19,4
2024-05-08,19.16,11.82,0
2024-05-09,18.02,4.24,0
2024-05-10,21.0,2.99,5
2024-05-11,22.72,2.19,16
2024-05-12,22.07,11.61,15
2024-05-13,22.15,2.84,11
2024-05-14,23.87,0.37,34
2024-05-15,24.23,2.72,41
2024-05-16,25.31,0.08,32
2024-05-17,25.9,0.0,38
2024-05-18,26.19,0.98,57
2024-05-19,25.12,6.55,65
2024-05-20,23.84,4.03,28
2024-05-21,24.07,0.99,38
2024-05-22,23.22,8.63,23
2024-05-23,24.66,0.4,36
2024-05-24,26.22,0.83,72
2024-05-25,26.01,7.53,68
2024-05-26,26.93,3.81,85
2024-05-27,26.5,3.18,67
2024-05-28,26.25,0.48,72
2024-05-29,27.99,0.19,132
2024-05-30,27.93,1.27,101
2024-05-31,26.9,3.29,95
2024-06-01,25.28,4.32,59
2024-06-02,25.38,3.67,63
2024-06-03,24.85,11.3,56
2024-06-04,24.81,4.76,51
2024-06-05,24.19,4.62,29
2024-06-06,24.95,3.2,43
2024-06-07,25.42,0.3,64
2024-06-08,26.41,1.01,81
2024-06-09,27.6,0.47,114
2024-06-10,27.83,0.32,120
2024-06-11,27.88,0.17,121
2024-06-12,26.78,1.29,85
2024-06-13,27.16,1.11,93
2024-06-14,27.47,1.01,116
2024-06-15,27.45,0.45,101
2024-06-16,26.98,5.53,99
2024-06-17,27.19,3.75,93
2024-06-18,28.16,15.45,161
2024-06-19,27.29,10.38,124
2024-06-20,25.54,11.4,69
2024-06-21,24.47,0.97,37
2024-06-22,25.1,5.02,59
2024-06-23,24.81,7.81,55
2024-06-24,25.87,8.57,67
2024-06-25,24.76,74.23,57
2024-06-26,22.91,114.32,24
2024-06-27,23.86,4.26,28
2024-06-28,23.52,10.96,34
2024-06-29,23.16,24.29,25
2024-06-30,22.59,53.49,18
2024-07-01,23.15,27.3,30
2024-07-02,23.36,28.31,26
2024-07-03,22.79,10.5,19
2024-07-04,23.5,6.21,27
2024-07-05,22.71,25.86,21
2024-07-06,22.58,55.36,19
2024-07-07,22.66,12.97,19
2024-07-08,23.59,1.73,28
2024-07-09,23.94,5.52,39
2024-07-10,22.74,19.2,18
2024-07-11,22.42,19.74,14
2024-07-12,22.1,15.38,16
2024-07-13,22.92,6.83,18
2024-07-14,23.72,4.22,34
2024-07-15,24.31,4.32,42
2024-07-16,23.3,5.04,29
2024-07-17,24.14,9.06,35
2024-07-18,23.9,4.49,31
2024-07-19,24.4,15.15,40
2024-07-20,24.03,2.91,37
2024-07-21,23.18,6.06,24
2024-07-22,23.33,12.19,26
2024-07-23,23.39,12.27,34
2024-07-24,23.82,9.33,35
2024-07-25,24.12,2.39,31
2024-07-26,24.66,3.62,42
2024-07-27,25.5,4.02,47
2024-07-28,24.81,0.44,42
2024-07-29,24.1,1.79,30
2024-07-30,24.18,26.08,47
2024-07-31,23.54,40.67,37
2024-08-01,24.01,15.3,42
2024-08-02,23.46,5.54,24
2024-08-03,22.22,3.35,14
2024-08-04,22.67,1.39,20
2024-08-05,22.98,10.23,24
2024-08-06,22.49,52.07,16
2024-08-07,22.63,18.26,18
2024-08-08,22.86,11.2,26
2024-08-09,21.77,10.99,11
2024-08-10,22.14,6.82,15
2024-08-11,22.8,41.16,21
2024-08-12,23.12,6.46,28
2024-08-13,22.72,7.34,17
2024-08-14,22.77,32.44,22
2024-08-15,23.57,7.69,32
2024-08-16,23.13,4.15,25
2024-08-17,23.3,20.49,32
2024-08-18,23.27,5.77,25
2024-08-19,22.81,3.27,15
2024-08-20,22.5,0.44,16
2024-08-21,22.28,0.56,16
2024-08-22,22.77,4.57,21
2024-08-23,22.83,1.65,17
2024-08-24,23.06,0.25,24
2024-08-25,23.11,0.25,22
2024-08-26,22.27,2.65,13
2024-08-27,21.88,4.76,8
2024-08-28,22.83,1.93,17
2024-08-29,23.25,5.57,23
2024-08-30,23.99,0.99,38
2024-08-31,23.68,1.82,27
2024-09-01,22.18,0.27,12
2024-09-02,23.06,0.13,22
2024-09-03,22.63,4.84,16
2024-09-04,21.53,13.17,10
2024-09-05,22.62,6.05,23
2024-09-06,22.74,0.06,12
2024-09-07,23.2,0.99,22
2024-09-08,23.28,0.48,19
2024-09-09,23.28,0.22,26
2024-09-10,23.58,0.11,29
2024-09-11,22.92,2.15,19
2024-09-12,22.86,2.2,18
2024-09-13,22.93,3.12,17
2024-09-14,22.99,9.41,22
2024-09-15,22.21,5.98,16
2024-09-16,22.11,2.73,13
2024-09-17,21.86,0.05,9
2024-09-18,23.14,0.0,16
2024-09-19,23.23,0.07,18
2024-09-20,23.15,0.39,24
2024-09-21,24.38,1.14,43
2024-09-22,24.92,1.11,43
2024-09-23,24.91,0.58,51
2024-09-24,22.57,47.54,21
2024-09-25,20.85,55.89,6
2024-09-26,20.69,16.56,6
2024-09-27,19.34,76.28,0
2024-09-28,19.02,93.26,0
2024-09-29,21.45,0.43,7
2024-09-30,21.83,0.07,8
2024-10-01,22.36,0.87,14
2024-10-02,22.03,2.29,11
2024-10-03,21.56,6.95,10
2024-10-04,21.71,4.24,8
2024-10-05,21.1,0.39,5
2024-10-06,21.67,0.55,9
2024-10-07,20.82,0.29,4
2024-10-08,20.89,0.07,4
2024-10-09,21.06,0.2,6
2024-10-10,20.44,0.02,2
2024-10-11,20.59,0.0,2
2024-10-12,20.23,0.0,1
2024-10-13,19.76,0.0,1
2024-10-14,19.24,0.0,0
2024-10-15,18.99,0.01,0
2024-10-16,18.84,0.36,0
2024-10-17,19.0,0.56,0
2024-10-18,18.91,0.08,0
2024-10-19,18.65,1.28,0
2024-10-20,18.32,5.26,0
2024-10-21,18.58,0.29,0
2024-10-22,19.86,0.0,1
2024-10-23,20.46,0.0,2
2024-10-24,19.47,0.01,0
2024-10-25,18.74,0.27,0
2024-10-26,19.36,0.0,0
2024-10-27,19.61,0.0,0
2024-10-28,19.99,0.0,1
2024-10-29,19.79,0.01,1
2024-10-30,19.42,0.06,0
2024-10-31,19.33,0.01,0
2024-11-01,19.17,0.0,0
2024-11-02,18.66,0.0,0
2024-11-03,18.65,0.03,0
2024-11-04,17.56,0.3,0
2024-11-05,17.48,0.0,0
2024-11-06,17.5,0.0,0
2024-11-07,17.79,0.02,0
2024-11-08,17.87,0.22,0
2024-11-09,17.31,0.01,0
2024-11-10,17.16,0.0,0
2024-11-11,17.14,0.01,0
2024-11-12,16.92,0.02,0
2024-11-13,16.86,0.0,0
2024-11-14,16.63,0.0,0
2024-11-15,16.82,0.0,0
2024-11-16,15.88,0.0,0
2024-11-17,15.46,0.0,0
2024-11-18,15.42,0.0,0
2024-11-19,15.6,0.0,0
2024-11-20,14.75,0.0,0
2024-11-21,14.6,0.0,0
2024-11-22,13.84,0.06,0
2024-11-23,13.34,0.0,0
2024-11-24,13.52,0.0,0
2024-11-25,13.51,0.0,0
2024-11-26,13.51,0.0,0
2024-11-27,13.8,0.0,0
2024-11-28,13.88,0.0,0
2024-11-29,14.69,0.0,0
2024-11-30,14.45,0.0,0
2024-12-01,14.22,0.0,0
2024-12-02,13.91,0.0,0
2024-12-03,14.0,0.0,0
2024-12-04,14.16,0.0,0
2024-12-05,12.81,0.0,0
2024-12-06,11.9,0.0,0
2024-12-07,11.88,0.0,0
2024-12-08,11.69,0.0,0
2024-12-09,10.3,0.0,0
2024-12-10,9.75,0.0,0
2024-12-11,10.89,0.0,0
2024-12-12,11.73,0.0,0
2024-12-13,11.6,0.0,0
2024-12-14,11.01,0.0,0
2024-12-15,11.36,0.0,0
2024-12-16,13.56,0.0,0
2024-12-17,13.19,0.0,0
2024-12-18,12.96,0.0,0
2024-12-19,13.22,0.0,0
2024-12-20,12.77,0.0,0
2024-12-21,11.95,0.0,0
2024-12-22,11.82,0.0,0
2024-12-23,11.72,0.0,0
2024-12-24,12.27,0.0,0
2024-12-25,12.44,0.0,0
2024-12-26,12.81,0.0,0
2024-12-27,13.69,0.0,0
2024-12-28,12.88,0.0,0
2024-12-29,13.23,0.0,0
2024-12-30,12.47,0.0,0
2024-12-31,11.69,0.0,0
2025-01-01,11.1,0.0,0
2025-01-02,11.0,0.0,0
2025-01-03,11.69,0.0,0
2025-01-04,11.77,0.0,0
2025-01-05,12.22,0.0,0
2025-01-06,13.54,0.0,0
2025-01-07,11.44,1.2,0
2025-01-08,9.17,0.22,0
2025-01-09,9.33,0.0,0
2025-01-10,10.73,0.0,0
2025-01-11,12.1,0.0,0
2025-01-12,12.42,0.0,0
2025-01-13,11.88,0.0,0
2025-01-14,11.73,0.0,0
2025-01-15,11.94,0.0,0
2025-01-16,11.91,0.0,0
2025-01-17,13.73,0.0,0
2025-01-18,13.38,0.0,0
2025-01-19,13.95,0.0,0
2025-01-20,14.17,0.0,0
2025-01-21,14.79,0.0,0
2025-01-22,15.26,0.0,0
2025-01-23,14.23,0.0,0
2025-01-24,12.46,0.0,0
2025-01-25,11.99,0.0,0
2025-01-26,11.01,0.0,0
2025-01-27,12.42,0.0,0
2025-01-28,12.46,0.0,0
2025-01-29,11.93,0.0,0
2025-01-30,12.38,0.0,0
2025-01-31,12.99,0.0,0
2025-02-01,13.6,0.0,0
2025-02-02,13.48,0.0,0
2025-02-03,14.39,0.0,0
2025-02-04,15.16,0.0,0
2025-02-05,15.78,0.0,0
2025-02-06,14.22,0.0,0
2025-02-07,14.15,0.0,0
2025-02-08,13.39,0.0,0
2025-02-09,12.83,0.0,0
2025-02-10,13.72,0.0,0
2025-02-11,14.52,0.0,0
2025-02-12,14.27,0.0,0
2025-02-13,12.91,0.0,0
2025-02-14,12.98,0.0,0
2025-02-15,12.17,0.0,0
2025-02-16,12.84,0.0,0
2025-02-17,13.54,0.04,0
2025-02-18,13.62,0.35,0
2025-02-19,14.13,0.01,0
2025-02-20,14.76,0.01,0
2025-02-21,14.55,0.04,0
2025-02-22,15.05,0.06,0
2025-02-23,13.76,0.05,0
2025-02-24,13.76,0.06,0
2025-02-25,14.89,0.0,0
2025-02-26,15.97,0.0,0
2025-02-27,15.19,0.0,0
2025-02-28,15.05,0.6,0
2025-03-01,11.96,233.66,0
2025-03-02,12.16,2.88,0
2025-03-03,14.28,0.0,0
2025-03-04,14.69,0.0,0
2025-03-05,13.4,0.0,0
2025-03-06,13.77,0.0,0
2025-03-07,13.96,0.0,0
2025-03-08,14.54,0.1,0
2025-03-09,15.14,0.0,0
2025-03-10,16.41,0.39,0
2025-03-11,17.1,0.01,0
2025-03-12,18.93,0.46,0
2025-03-13,18.42,1.99,0
2025-03-14,18.6,0.02,0
2025-03-15,20.01,0.06,1
2025-03-16,20.49,0.49,3
2025-03-17,19.26,0.15,0
2025-03-18,17.39,0.0,0
2025-03-19,19.3,0.0,0
2025-03-20,18.98,0.0,0
2025-03-21,17.26,0.08,0
2025-03-22,16.42,0.34,0
2025-03-23,15.76,5.17,0
2025-03-24,17.42,0.08,0
2025-03-25,19.15,0.03,0
2025-03-26,20.57,0.03,3
2025-03-27,21.73,0.0,7
2025-03-28,22.18,0.0,7
2025-03-29,22.05,0.01,7
2025-03-30,21.45,0.0,5
2025-03-31,21.44,0.0,6
2025-04-01,20.63,0.0,3
2025-04-02,21.12,0.0,5
2025-04-03,20.45,0.0,2
2025-04-04,21.24,0.0,4
2025-04-05,20.51,0.0,2
2025-04-06,21.9,0.0,8
2025-04-07,21.55,0.0,7
2025-04-08,21.6,0.27,9
2025-04-09,20.4,5.69,4
2025-04-10,18.38,17.63,0
2025-04-11,18.43,7.01,0
2025-04-12,20.0,1.29,2
2025-04-13,19.79,0.18,1
2025-04-14,17.9,0.48,0
2025-04-15,19.73,0.21,1
2025-04-16,20.79,0.53,5
2025-04-17,20.3,6.75,3
2025-04-18,19.25,1.73,0
2025-04-19,20.19,2.7,2
2025-04-20,22.29,0.03,9
2025-04-21,24.3,0.0,24
2025-04-22,25.07,0.0,34
2025-04-23,24.88,0.1,29
2025-04-24,25.16,0.01,33
2025-04-25,23.97,0.04,24
2025-04-26,25.12,0.0,36
2025-04-27,22.86,3.92,22
2025-04-28,20.14,8.72,2
2025-04-29,17.96,1.92,0
2025-04-30,18.35,0.04,0
2025-05-01,19.39,0.2,0
2025-05-02,19.42,0.29,0
2025-05-03,20.02,6.79,2
2025-05-04,20.68,0.2,4
2025-05-05,19.18,2.72,0
2025-05-06,20.01,0.11,2
2025-05-07,21.27,1.27,7
2025-05-08,23.34,0.06,15
2025-05-09,24.42,0.31,34
2025-05-10,25.26,0.25,60
2025-05-11,25.08,0.56,52
2025-05-12,23.98,1.73,34
2025-05-13,24.29,2.14,31
2025-05-14,24.67,1.79,45
2025-05-15,25.27,0.94,53
2025-05-16,24.25,3.21,39
2025-05-17,23.04,2.64,24
2025-05-18,21.7,13.57,9
2025-05-19,21.91,6.96,11
2025-05-20,22.53,15.39,19
2025-05-21,22.66,6.66,18
2025-05-22,22.4,2.27,16
2025-05-23,21.73,2.67,9
2025-05-24,21.61,7.42,12
2025-05-25,23.64,0.96,26
2025-05-26,22.49,0.63,17
2025-05-27,23.65,0.4,22
2025-05-28,25.19,3.4,60
2025-05-29,24.99,9.31,45
2025-05-30,24.7,3.17,45
2025-05-31,24.98,4.39,41
2025-06-01,25.6,3.81,54
2025-06-02,24.98,0.73,50
2025-06-03,24.86,1.6,49
2025-06-04,21.52,16.66,9
2025-06-05,22.51,0.87,16
2025-06-06,22.55,4.58,17
2025-06-07,23.65,2.46,22
2025-06-08,24.51,0.02,34
2025-06-09,25.93,0.02,44
2025-06-10,26.55,0.78,69
2025-06-11,25.39,4.19,54
2025-06-12,24.44,3.92,46
2025-06-13,23.89,12.59,40
2025-06-14,23.99,2.87,32
2025-06-15,22.9,18.96,20
2025-06-16,23.95,8.53,38
2025-06-17,23.54,9.26,30
2025-06-18,23.51,10.02,35
2025-06-19,23.33,16.65,25
2025-06-20,23.14,9.05,30
2025-06-21,24.27,3.59,40
2025-06-22,24.08,18.49,43
2025-06-23,22.98,19.1,27
2025-06-24,23.36,15.95,34
2025-06-25,23.69,3.02,27
2025-06-26,23.76,4.08,32
2025-06-27,24.04,5.83,37
2025-06-28,23.87,4.49,29
2025-06-29,22.96,10.11,19
2025-06-30,23.86,3.25,25
2025-07-01,23.92,2.36,25
2025-07-02,23.8,5.17,41
2025-07-03,23.83,3.5,28
2025-07-04,23.09,7.9,26
2025-07-05,23.48,4.61,26
2025-07-06,23.54,4.25,25
2025-07-07,23.89,4.36,31
2025-07-08,23.39,13.18,33
2025-07-09,22.72,23.15,20
2025-07-10,22.61,6.26,19
2025-07-11,23.22,1.25,24
2025-07-12,23.7,2.43,33
2025-07-13,23.61,6.63,30
2025-07-14,23.31,18.47,31
2025-07-15,22.47,17.9,20
2025-07-16,22.43,3.42,15
2025-07-17,22.4,1.44,16
2025-07-18,23.63,1.67,27
2025-07-19,24.07,4.24,27
2025-07-20,22.4,24.57,18
2025-07-21,23.17,3.24,23
2025-07-22,24.08,6.88,42
2025-07-23,24.89,2.01,37
2025-07-24,23.98,3.93,38
2025-07-25,24.61,0.78,47
2025-07-26,23.86,1.63,35
2025-07-27,23.66,10.04,30
2025-07-28,23.45,12.12,25
2025-07-29,23.02,2.01,21
2025-07-30,23.33,2.62,27
2025-07-31,22.7,2.93,20
2025-08-01,23.31,2.78,24
2025-08-02,23.06,14.37,23
2025-08-03,22.6,24.96,23
2025-08-04,22.55,18.03,19
2025-08-05,21.82,9.21,10
2025-08-06,22.37,1.43,13
2025-08-07,22.81,4.32,20
2025-08-08,22.5,8.7,19
2025-08-09,22.32,11.27,18
2025-08-10,22.49,4.0,15
2025-08-11,22.52,11.11,21
2025-08-12,23.57,7.74,27
2025-08-13,22.69,25.01,17
2025-08-14,21.62,3.55,9
2025-08-15,22.2,1.57,15
2025-08-16,22.9,5.13,20
2025-08-17,23.71,6.11,37
2025-08-18,23.43,5.35,26
2025-08-19,23.24,2.22,24
2025-08-20,22.56,4.06,13
2025-08-21,22.26,16.65,17
2025-08-22,22.46,6.51,16
2025-08-23,22.55,3.14,18
2025-08-24,22.08,0.79,11
2025-08-25,22.48,0.15,15
2025-08-26,22.43,0.51,16
2025-08-27,21.37,20.49,10
2025-08-28,21.79,20.1,12
2025-08-29,21.66,5.95,12
2025-08-30,21.48,6.34,10
2025-08-31,22.06,8.24,15
2025-09-01,22.75,0.97,15
2025-09-02,23.51,0.11,27
2025-09-03,22.87,0.18,16
2025-09-04,22.29,0.9,12
2025-09-05,22.38,4.06,12
2025-09-06,21.91,14.56,13
2025-09-07,22.15,8.09,16
2025-09-08,22.36,1.22,15
2025-09-09,22.24,3.48,11
2025-09-10,21.85,10.62,14
2025-09-11,21.98,7.11,14
2025-09-12,22.04,12.44,12
2025-09-13,21.6,13.83,8
2025-09-14,22.12,14.6,14
2025-09-15,20.64,9.73,5
2025-09-16,20.95,13.02,7
2025-09-17,21.31,9.43,10
2025-09-18,20.43,7.62,4
2025-09-19,21.22,22.54,7
2025-09-20,21.26,0.45,7
2025-09-21,21.28,0.28,6
2025-09-22,21.89,0.43,9
2025-09-23,22.35,0.04,10
2025-09-24,22.61,0.02,14
2025-09-25,22.09,0.01,9
2025-09-26,23.18,0.02,17
2025-09-27,22.6,0.29,14
2025-09-28,21.6,1.16,10
2025-09-29,21.41,1.17,7
2025-09-30,22.12,5.3,15
2025-10-01,21.64,12.24,9
2025-10-02,20.0,19.7,2
2025-10-03,20.09,30.14,3
2025-10-04,19.59,69.53,1
2025-10-05,20.8,7.43,6
2025-10-06,19.8,0.37,1
2025-10-07,19.63,0.2,1
2025-10-08,20.24,0.54,3
2025-10-09,20.47,0.29,2
2025-10-10,20.17,0.0,1
2025-10-11,19.5,0.0,0
2025-10-12,19.39,0.0,0
2025-10-13,18.49,0.0,0
2025-10-14,18.84,0.0,0
2025-10-15,19.4,0.0,0
2025-10-16,19.86,0.0,1
2025-10-17,19.8,0.0,1
2025-10-18,19.5,0.0,0
2025-10-19,19.3,0.0,0
2025-10-20,19.36,0.0,0
2025-10-21,20.35,0.0,2
2025-10-22,20.17,0.0,1
2025-10-23,20.07,0.0,1
2025-10-24,19.45,0.0,0
2025-10-25,19.38,0.0,0
2025-10-26,19.25,0.0,0
2025-10-27,19.2,0.0,0
2025-10-28,18.31,1.01,0
2025-10-29,18.35,0.22,0
2025-10-30,17.46,31.88,0
2025-10-31,16.87,29.18,0
2025-11-01,17.67,14.36,0
2025-11-02,17.38,5.9,0
2025-11-03,17.19,1.74,0
2025-11-04,17.56,3.11,0
2025-11-05,17.84,1.74,0
2025-11-06,17.49,1.04,0
2025-11-07,16.84,0.21,0
2025-11-08,16.58,0.13,0
2025-11-09,16.22,0.01,0
2025-11-10,15.63,0.04,0
2025-11-11,15.23,0.03,0
2025-11-12,14.9,0.0,0
2025-11-13,14.58,0.02,0
2025-11-14,14.17,0.03,0
2025-11-15,14.3,0.04,0
2025-11-16,14.31,0.02,0
2025-11-17,15.15,0.0,0
2025-11-18,15.38,0.02,0
2025-11-19,14.89,0.12,0
2025-11-20,14.39,1.49,0
2025-11-21,14.21,2.34,0
2025-11-22,-999.0,-999.0,0
2025-11-23,-999.0,-999.0,0
2025-11-24,-999.0,-999.0,0
